paper_id,title,authors,year,venue,venue_type,volume,issue,pages,doi,url,publication_status,open_access_status,date_verified,category,threat_level,threatens_claims,one_line_difference
beyki2026modular,"A modular agent-based framework for wildfire evacuation: Integrating fire spread, multimodal transport, and dynamic routing",Shahab Mohammad Beyki; Anne S. Patricio; Antonio Gameiro Lopes; Aldina Santiago; Luis Laim,2026,Safety Science,journal,199,,107200,10.1016/j.ssci.2026.107200,https://doi.org/10.1016/j.ssci.2026.107200,PEER_REVIEWED,OA,2026-09-19,3,CRITICAL,WG-C-003; WG-C-005; WG-C-001,"The first wildfire evacuation model we could verify that explicitly simulates INBOUND rescue traffic and emergency extraction simultaneously with outbound self-evacuation on a fire-degraded network — it occupies the simultaneity, but the reported output is simulated evacuation time validated against a drill, not a latest-safe-dispatch deadline."
cova2005trigger,Setting Wildfire Evacuation Trigger Points Using Fire Spread Modeling and GIS,Thomas J. Cova; Philip E. Dennison; Tae H. Kim; Max A. Moritz,2005,Transactions in GIS,journal,9,4,603-617,10.1111/j.1467-9671.2005.00237.x,https://doi.org/10.1111/j.1467-9671.2005.00237.x,PEER_REVIEWED,UNKNOWN,2026-09-19,1,CRITICAL,WG-C-001,"Founds the whole field by computing a deterministic fire-arrival level set (trigger buffer) around a community for a decision-maker-supplied evacuation time; it does not model traffic, responders, ensembles, or any dispatch deadline."
kalogeropoulos2023kperil,Design of stochastic trigger boundaries for rural communities evacuating from a wildfire,Nikolaos Kalogeropoulos; Harry Mitchell; Enrico Ronchi; Steve Gwynne; Guillermo Rein,2023,Fire Safety Journal,journal,140,,103854,10.1016/j.firesaf.2023.103854,https://doi.org/10.1016/j.firesaf.2023.103854,PEER_REVIEWED,OA,2026-09-19,1,CRITICAL,WG-C-004,"Produces STOCHASTIC trigger boundaries by sampling historic wind/weather/vegetation variability and introduces 'uncertainty rosettes' mapping where the boundary is most sensitive — this is probabilistic trigger design done properly, and it is the paper that makes WG-C-004 unclaimable."
kalogeropoulos2025dire,Quantifying dire evacuations in case of wildfire using trigger boundaries and case study of the 2018 Mati wildfire in Greece,Nikolaos Kalogeropoulos; Harry Mitchell; Erica Kuligowski; Enrico Ronchi; Guillermo Rein,2025,Safety Science,journal,181,,106691,10.1016/j.ssci.2024.106691,https://doi.org/10.1016/j.ssci.2024.106691,PEER_REVIEWED,OA,2026-09-19,1,CRITICAL,WG-C-004; WG-C-002,"Treats BOTH wildfire spread and evacuation time as probabilistic variables and outputs an 'evacuation safety factor' in [0,1] — a scalar decision-relevant probability of mission failure — which is structurally the same kind of output WG-C-003 wants, but computed for community egress rather than a responder round trip."
kalogeropoulos2026ensemble,Defining probabilistic evacuation triggers for wildfires using an ensemble of flame spread models: The Fort McMurray case study,Nikolaos Kalogeropoulos; Guillermo Rein,2026,Fire Safety Journal,journal,165,,104912,10.1016/j.firesaf.2026.104912,https://doi.org/10.1016/j.firesaf.2026.104912,PEER_REVIEWED,OA,2026-09-19,1,CRITICAL,WG-C-004; WG-C-014; WG-C-009,"Builds trigger boundaries from a MULTI-MODEL ENSEMBLE (Farsite, Prometheus/WISE, ELMFIRE, Google EPD, EPD-ConvLSTM) and shows the boundary location depends on which spread model you believe — this kills WG-C-004 outright and puts strong pressure on WG-C-014 and WG-C-009."
li2018coupling,Setting Wildfire Evacuation Triggers by Coupling Fire and Traffic Simulation Models: A Spatiotemporal GIS Approach,Dapeng Li; Thomas J. Cova; Philip E. Dennison,2018,Fire Technology,journal,55,2,617-642,10.1007/s10694-018-0771-6,https://doi.org/10.1007/s10694-018-0771-6,PEER_REVIEWED,UNKNOWN,2026-09-19,1; 3,CRITICAL,WG-C-001; WG-C-004; WG-C-006,"Replaces expert-judgement evacuation time with a TRAFFIC SIMULATION, derives a cumulative probability distribution over clearance times, and emits probability-indexed trigger buffers (e.g. the 95th-percentile buffer) — this is the single closest prior art to a 'probabilistic, traffic-aware trigger', and it does it for household egress, not responder dispatch."
malings2016voisensor,Value of information for spatially distributed systems: Application to sensor placement,"Malings, Carl; Pozzi, Matteo",2016,Reliability Engineering & System Safety,journal,154,None,219-233,10.1016/j.ress.2016.05.010,https://doi.org/10.1016/j.ress.2016.05.010,PEER_REVIEWED,UNVERIFIED,2026-09-19,5,CRITICAL,WG-C-008,"Shows explicitly that optimal sensor placement DEPENDS ON THE DECISION PROBLEM, encoded in a problem-specific loss function - the exact methodological move WG-C-008 wants to claim; domain is spatially distributed infrastructure with Gaussian random fields, not a fire front under an evacuation deadline."
moradi2026supported,A Relaxation-Based Decomposition Approach for Solving a Supported-Evacuation Problem in Wildfires,Shahryar Moradi; Antoine Saure; Jonathan Patrick,2026,arXiv,preprint,,,arXiv:2608.05413,UNVERIFIED,https://arxiv.org/abs/2608.05413,PREPRINT,OA,2026-09-19,3,CRITICAL,WG-C-003; WG-C-005; WG-C-011,"Formulates supported evacuation of people who cannot self-evacuate as a two-stage stochastic facility-location + multi-vehicle PDPTW in which BOTH the assembly area and the ROUTE carry a hard time window 'after which the route is reached by the fire' — so the inbound leg IS fire-constrained; but the time windows are drawn from Uniform(400,850) minutes rather than from a fire-spread model, and the output is a routing/fleet plan, not a latest-safe-dispatch time."
raeth2025decisionskill,Forecast skill is not decision skill: evidence from weather-dependent decision tasks,"Raeth, Kornelius; Ludwig, Nicole",2025,"arXiv (2512.14779v2, cs.LG)",preprint,None,None,None,10.48550/arXiv.2512.14779,https://arxiv.org/abs/2512.14779,PREPRINT,open_access,2026-09-19,4,CRITICAL,WG-C-014; WG-C-006; WG-C-002,"States and demonstrates the general negative result WildfireGuardian wants for WG-C-014: forecast-level performance does not reliably translate to decision-level performance and model rankings change between similar decision tasks; the tasks are frost/heat protection and wind dispatch with scalar cost functions, not a spatial fire forecast scored by IoU against an evacuation-mission decision."
rossa2026actionbed,Action-BED: Task-Driven Bayesian Experimental Design with Singly Intractable Objectives,"Rossa, Tom; Phillips, Angus; Rainforth, Tom",2026,arXiv (2606.23662),preprint,None,None,None,10.48550/arXiv.2606.23662,https://arxiv.org/abs/2606.23662,PREPRINT,open_access,2026-09-19,5,CRITICAL,WG-C-008,"Reformulates experimental design as minimising expected future LOSS of downstream actions rather than information gain - decision-directed sensing as a general method, 2026; entirely domain-agnostic, no hazard, no deadline, no wildfire."
sun2025decisionfocusedsensing,Decision-focused Sensing and Forecasting for Adaptive and Rapid Flood Response: An Implicit Learning Approach,"Sun, Qian; Hults, Graham; Xu, Susu",2025,"BuildSys '25: Proc. 12th ACM Int. Conf. on Systems for Energy-Efficient Buildings, Cities, and Transportation",conference,None,None,117-127,10.1145/3736425.3770102,https://doi.org/10.1145/3736425.3770102,PEER_REVIEWED,UNVERIFIED,2026-09-19,5,CRITICAL,WG-C-008; WG-C-014,"Selects in-situ sensor locations AND trains the forecast model end-to-end to minimise downstream evacuation/relocation decision regret, explicitly rejecting information-gain placement and average-error training; hazard is flood depth, the decision is evacuation/relocation cost, and there is no responder dispatch deadline or fire-arrival feasibility constraint."
alexander2026nursing,Operational Decision Support for Evacuating Nursing Home Residents: A Hamburg Benchmark and Metaheuristic Comparison Under a 5-Minute Time Budget,Nick Alexander; Milva Tannenbaum; Jörg Noennig,2026,Proceedings of the Genetic and Evolutionary Computation Conference (GECCO '26),conference,UNVERIFIED,UNVERIFIED,1029-1037,10.1145/3795095.3805113,https://doi.org/10.1145/3795095.3805113,PEER_REVIEWED,OA # Semantic Scholar reports HYBRID,2026-09-19,2; 9,HIGH,WG-C-005; WG-C-011,Alexander et al. minimise waiting time and makespan for shuttling mobility-impaired residents under a solver time budget; no hazard progression constrains any leg and no departure deadline is computed.
ardid2026forecastvalue,From forecast skill to economic value: sub-hourly wildfire potential forecasting across Australian regions,"Ardid, Alberto; Power, Anthony; Valencia, Andres; Pearce, H. Grant; Gross, Shana; Dempsey, David; Boer, Matthias M.",2026,International Journal of Wildland Fire,journal,35,4,WF25221,10.1071/WF25221,https://doi.org/10.1071/WF25221,PEER_REVIEWED,UNVERIFIED,2026-09-19,4,HIGH,WG-C-002; WG-C-006,"This is the wildfire instantiation of the cost-loss/PEV pipeline: ML fire- potential forecasts evaluated by Potential Economic Value against the Fire Behaviour Index; the decision is pre-positioning/fire-potential warning, NOT evacuation protective action, and the FBI comparator is an operational index, not a buffer/trigger policy tuned on the same scenario distribution."
berlinghieri2024pm25,Are Hourly PM2.5 Forecasts Sufficiently Accurate to Plan Your Day? Individual Decision Making in the Face of Increasing Wildfire Smoke,"Berlinghieri, Renato; Burt, David R.; Giani, Paolo; Fiore, Arlene; Broderick, Tamara",2024,arXiv (2409.05866),preprint,None,None,None,10.48550/arXiv.2409.05866,https://arxiv.org/abs/2409.05866,PREPRINT,open_access,2026-09-19,4,HIGH,WG-C-006; WG-C-014; WG-C-002,"Wildfire-smoke domain: evaluates six operational forecasts on two explicit DECISION tasks against a strong persistence baseline and finds no forecast beats persistence on one task while most beat it on the other; the decision is individual exposure avoidance, not evacuation timing, and the baseline is persistence rather than a tuned spatial trigger."
bischiniotis2019tradeoffs,"Assessing time, cost and quality trade-offs in forecast-based action for floods","Bischiniotis, Konstantinos; van den Hurk, Bart; Coughlan de Perez, Erin; Veldkamp, Ted; Nobre, Gabriela Guimaraes; Aerts, Jeroen",2019,International Journal of Disaster Risk Reduction,journal,40,None,101252,10.1016/j.ijdrr.2019.101252,https://doi.org/10.1016/j.ijdrr.2019.101252,PEER_REVIEWED,UNVERIFIED,2026-09-19,4,HIGH,WG-C-012; WG-C-002,"Makes the timeliness-vs-accuracy trade-off explicit and solves for the OPTIMAL LEAD TIME TO TRIGGER ACTION as a function of forecast quality and of the operational characteristics (duration/effectiveness) of the action; the action is a generic flood preparedness measure, not a responder round trip, and 'latency' means forecast lead time, not observation-to-product delay."
bouttier2024optimal,Probabilistic short-range forecasts of high-precipitation events: optimal decision thresholds and predictability limits,"Bouttier, Francois; Marchal, Hugo",2024,Natural Hazards and Earth System Sciences,journal,24,8,2793-2816,10.5194/nhess-24-2793-2024,https://doi.org/10.5194/nhess-24-2793-2024,PEER_REVIEWED,open_access,2026-09-19,4,HIGH,WG-C-002; WG-C-006,"Optimises the probability decision threshold per user type AND reports the usable-intensity/scale limit beyond which the warning has no skill - i.e. an explicit skill boundary with a tuned threshold; the comparator is a deterministic control forecast, and the decision is a categorical warning, not a protective-action mission."
chen1987qualityvalue,On the Relationship between the Quality and Value of Forecasts in the Generalized Cost-Loss Ratio Situation,"Chen, Yin-Sheng; Ehrendorfer, Martin; Murphy, Allan H.",1987,Monthly Weather Review,journal,115,8,1534-1541,10.1175/1520-0493(1987)115<1534:OTRBTQ>2.0.CO;2,https://doi.org/10.1175/1520-0493(1987)115<1534:OTRBTQ>2.0.CO;2,PEER_REVIEWED,UNVERIFIED,2026-09-19,4,HIGH,WG-C-014,"Extends the quality-value (non-)monotonicity result to the generalized N-action cost-loss situation; still no spatial hazard field, no mission- feasibility decision, no wildfire instantiation."
dayan2026conformal,"Conformal Risk Control for Safety-Critical Wildfire Evacuation Mapping: A Comparative Study of Tabular, Spatial, and Graph-Based Models",Baljinnyam Dayan,2026,arXiv:2603.22331,preprint,null,null,null,UNVERIFIED,https://arxiv.org/abs/2603.22331,PREPRINT,OA,2026-09-19,6; 7,HIGH,WG-C-014; WG-C-004; WG-C-009,"Shows directly that a high-AUROC fire-spread model is not thereby operationally adequate - standard thresholds captured only 7-72% of actual spread - and repairs it with conformal SAFE/MONITOR/EVACUATE zones at a bounded false-negative rate; it maps accuracy to a coverage guarantee, not to the timing of a protective action."
dennison2007wuivac,WUIVAC: a wildland-urban interface evacuation trigger model applied in strategic wildfire scenarios,Philip E. Dennison; Thomas J. Cova; Max A. Moritz,2006,Natural Hazards,journal,41,1,181-199,10.1007/s11069-006-9032-y,https://doi.org/10.1007/s11069-006-9032-y,PEER_REVIEWED,UNKNOWN,2026-09-19,1,HIGH,WG-C-001,"Turns the trigger buffer into a strategic planning product using 8 years of worst-case winds in 16 directions, including buffers for closure of evacuation routes; still deterministic, still egress-only, no responders."
flores2023goal,A goal programming model for early evacuation of vulnerable people and relief distribution during a wildfire,Inmaculada Flores; M. Teresa Ortuno; Gregorio Tirado,2023,Safety Science,journal,164,,106117,10.1016/j.ssci.2023.106117,https://doi.org/10.1016/j.ssci.2023.106117,PEER_REVIEWED,UNKNOWN,2026-09-19,3,HIGH,WG-C-003; WG-C-005; WG-C-011,"Mixed-integer goal programming over a dynamic network of unsafe pick-up points and safe shelters/hospitals with heterogeneous vehicles and health-priority classes, case-studied on the 2019 Saddleridge fire — it owns the 'who gets fetched, by which vehicle, to where' question, with no fire-spread model and no deadline output."
georgakakos2025evacuationtiming,Determinants of evacuation timing in response to probabilistic forecasts,Georgakakos; Konstantine P.,2025,Natural Hazards,journal,121,16,18849-18878,10.1007/s11069-025-07540-5,https://doi.org/10.1007/s11069-025-07540-5,PEER_REVIEWED,UNVERIFIED,2026-09-19,4,HIGH,WG-C-002; WG-C-012; WG-C-006,"Solves 'issue the evacuation statement now vs delay' by Monte Carlo under a forecast probability sequence indexed by lead time, forecast uncertainty, public-response probability and the evacuation-completion time interval; hazard is generic and the completion interval is an exogenous scalar, not a modelled responder ingress+pickup+egress round trip against a spatial fire field."
kalogeropoulos2022kperil,k-PERIL: probabilistic creation of trigger boundaries for rural communities evacuating from a wildfire,Nikolaos Kalogeropoulos; Harry Mitchell; Guillermo Rein,2022,Advances in Forest Fire Research 2022,book_chapter,,,273-282,10.14195/978-989-26-2298-9_43,https://doi.org/10.14195/978-989-26-2298-9_43,PEER_REVIEWED,UNKNOWN,2026-09-19,1,HIGH,WG-C-004,"Conference-proceedings first announcement of k-PERIL's probabilistic trigger boundaries; it is a conference book chapter, NOT a journal article, and must never be cited as one."
kwon2025koreaevac,An Integrated Optimization for Resilient Wildfire Evacuation System Design: A Case Study of a Rural County in Korea,Kyubin Kwon; Yejin Kim; Jinil Han,2025,Systems,journal,13,12,1125,10.3390/systems13121125,https://doi.org/10.3390/systems13121125,PEER_REVIEWED,OA,2026-09-19,8; 2,HIGH,WG-C-007; WG-C-011,"Strategic mixed-integer shelter-location and backup-linkage design for a rural Korean county using static topographic/environmental wildfire risk indices; it does not model fire progression in time, and produces a network plan rather than any time-of-day decision, let alone a responder dispatch deadline."
larsen2011cedar,Evaluating dynamic wildfire evacuation trigger buffers using the 2003 Cedar Fire,Jeremy C. Larsen; Philip E. Dennison; Thomas J. Cova; Charles Jones,2011,Applied Geography,journal,31,1,12-19,10.1016/j.apgeog.2010.05.003,https://doi.org/10.1016/j.apgeog.2010.05.003,PEER_REVIEWED,UNKNOWN,2026-09-19,1,HIGH,WG-C-001; WG-C-012,"First use of FORECAST winds (not climatology) to make trigger buffers dynamic, and the first retrospective validation of a trigger buffer against a real fire front; it does not quantify forecast skill or latency as decision variables."
li2015household,A household-level approach to staging wildfire evacuation warnings using trigger modeling,Dapeng Li; Thomas J. Cova; Philip E. Dennison,2015,"Computers, Environment and Urban Systems",journal,54,,56-67,10.1016/j.compenvurbsys.2015.05.008,https://doi.org/10.1016/j.compenvurbsys.2015.05.008,PEER_REVIEWED,UNKNOWN,2026-09-19,1,HIGH,WG-C-001,Computes a trigger buffer PER HOUSEHOLD and ranks households by available lead time to stage warnings — the household-resolution and prioritisation-by-lead-time moves WildfireGuardian would otherwise claim; it does not model who physically moves the household.
liu2026dflfail,Decision-Focused Learning: When and Why Traditional Prediction Models Fail,Liu; Mo,2026,arXiv (2606.21773),preprint,None,None,None,10.48550/arXiv.2606.21773,https://arxiv.org/abs/2606.21773,PREPRINT,open_access,2026-09-19,5,HIGH,WG-C-014; WG-C-008,"Tutorial stating flatly that improved predictive accuracy does not in general translate into improved decision quality, and that uncertainty- driven data collection is the wrong criterion in decision-focused settings - which pre-empts BOTH the WG-C-014 headline and the WG-C-008 motivation in generic form."
lopez2020bridging,Bridging forecast verification and humanitarian decisions: A valuation approach for setting up action-oriented early warnings,"Lopez, Ana; Coughlan de Perez, Erin; Bazo, Juan; Suarez, Pablo; van den Hurk, Bart; van Aalst, Maarten",2020,Weather and Climate Extremes,journal,27,None,100167,10.1016/j.wace.2018.03.006,https://doi.org/10.1016/j.wace.2018.03.006,PEER_REVIEWED,UNVERIFIED,2026-09-19,4,HIGH,WG-C-002; WG-C-012; WG-C-006,"Selects the joint (magnitude, probability threshold, lead time) that should trigger humanitarian action by valuation - i.e. a three-axis trigger boundary in forecast-quality space; the comparator is acting on climatology/no-action, and the triggered action has no mission-feasibility constraint."
lu2026lahaina,Macroscopic Traffic Flow Network Modeling For Wildfire Evacuation: A Game-Theoretic Junction Optimization Approach with Application to Lahaina Fire,Annie Lu; Hong Kiat Tan; Alexander Xue; Alice Koniges; Andrea L. Bertozzi,2026,arXiv,preprint,,,arXiv:2603.29055,UNVERIFIED,https://arxiv.org/abs/2603.29055,PREPRINT,OA,2026-09-19,3,HIGH,WG-C-003,"Shows a lane can be RESERVED for emergency vehicles entering the network with negligible cost to civilian clearance time — it prices responder ingress against outbound flow at the network level, but never computes when a responder must leave."
ma2025damaged,Analyzing wildfire evacuation dynamics with agent-based modeling in damaged road networks,Fangjiao Ma; Ji Yun Lee,2025,Safety Science,journal,187,,106835,10.1016/j.ssci.2025.106835,https://doi.org/10.1016/j.ssci.2025.106835,PEER_REVIEWED,UNKNOWN,2026-09-19,3,HIGH,WG-C-001; WG-C-009,"Couples wildfire simulation to road-network vulnerability so that fire-induced closures degrade the network during the evacuation and can trap agents — the 'network fails under the fire you predicted' mechanism WG-C-003 needs on its inbound leg, but applied only to outbound evacuees."
malings2018voispatiotemporal,Value-of-information in spatio-temporal systems: Sensor placement and scheduling,"Malings, C.; Pozzi, M.",2018,Reliability Engineering & System Safety,journal,172,None,45-57,10.1016/j.ress.2017.11.019,https://doi.org/10.1016/j.ress.2017.11.019,PEER_REVIEWED,UNVERIFIED,2026-09-19,5,HIGH,WG-C-008,"Adds WHEN to sense (scheduling) to VOI-optimal WHERE, over a management time horizon; the temporal structure is system ageing, not a hard mission deadline against an advancing hazard."
mitchell2023peril,Integrating wildfire spread and evacuation times to design safe triggers: Application to two rural communities using PERIL model,Harry Mitchell; Steve Gwynne; Enrico Ronchi; Nikolaos Kalogeropoulos; Guillermo Rein,2023,Safety Science,journal,157,,105914,10.1016/j.ssci.2022.105914,https://doi.org/10.1016/j.ssci.2022.105914,PEER_REVIEWED,OA,2026-09-19,1,HIGH,WG-C-001; WG-C-004,"Re-founds the trigger boundary in the fire-safety-engineering tradition (FARSITE + explicit safety factors for uncertainty) and validates on Swinley Forest UK and Roxborough Park USA; the safety factor is a margin, not a probability distribution, and there is no responder leg."
mois2025evacuationstages,Government to improve the resident evacuation system in preparation for ultra-fast wildfires [translation],"Ministry of the Interior and Safety (행정안전부), Social Disaster Response Coordination Division; jointly with Korea Forest Service (산림청)",2025,MOIS press release / 보도자료 (nttId=117125),government_press_release,UNVERIFIED,UNVERIFIED,UNVERIFIED,UNVERIFIED,https://www.mois.go.kr/frt/bbs/type010/commonSelectBoardArticle.do?bbsId=BBSMSTR_000000000008&nttId=117125,GOVERNMENT_REPORT,publicly_accessible_web_page,2026-09-19,8,HIGH,WG-C-007; WG-C-005; WG-C-006,"MOIS/KFS set two administratively fixed fire-arrival lead times (5 h general, 8 h vulnerable) as evacuation triggers from a deterministic spread forecast; WildfireGuardian computes a mission-feasibility dispatch deadline from an ensemble arrival-time distribution, and treats a fixed lead time like this one as the tuned comparator to beat."
mois2026aievacroute,AI-based wildfire and smoke spread monitoring and prediction [translation],Korea Forest Service (산림청); under a programme coordinated by the Ministry of the Interior and Safety (행정안전부),2026,"Government programme announcement, 2026-09-15 (reported)",government_programme_announcement,UNVERIFIED,UNVERIFIED,UNVERIFIED,UNVERIFIED,https://www.aitimes.kr/news/articleView.html?idxno=41932,GOVERNMENT_REPORT,press_coverage_only,2026-09-19,8,HIGH,WG-C-007; WG-C-003; WG-C-001,"This programme outputs inbound suppression-ingress ROUTES alongside resident evacuation routes from an AI spread/smoke forecast; WildfireGuardian outputs a latest-safe DISPATCH TIME for an assisted-evacuation round trip. Same inbound leg, different decision variable — and this is a live Korean government programme, so WG-C-003 must be phrased as a quantity claim, never as a ""no one does inbound routing in Korea"" claim."
murphy1987accuracyvalue,On the Relationship between the Accuracy and Value of Forecasts in the Cost-Loss Ratio Situation,"Murphy, Allan H.; Ehrendorfer, Martin",1987,Weather and Forecasting,journal,2,3,243-251,10.1175/1520-0434(1987)002<0243:OTRBTA>2.0.CO;2,https://doi.org/10.1175/1520-0434(1987)002<0243:OTRBTA>2.0.CO;2,PEER_REVIEWED,UNVERIFIED,2026-09-19,4,HIGH,WG-C-014; WG-C-002,"Establishes in general terms that forecast accuracy and forecast value are not monotonically related in the cost-loss situation; it does so for scalar accuracy measures of binary forecasts, not for spatial overlap metrics (IoU) of a predicted fire perimeter against an evacuation-mission decision."
orphanoudakis2025mora,MORA: A Multicriteria Optimal Resource Allocation and Decision Support Toolkit for Wildfire Management,Theofanis Orphanoudakis; Christos Betzelos; Helen Catherine Leligou,2025,Algorithms,journal,18,11,677,10.3390/a18110677,https://doi.org/10.3390/a18110677,PEER_REVIEWED,OA,2026-09-19,2,HIGH,WG-C-011; WG-C-013,"Operational multicriteria resource-allocation DSS for incident commanders (SILVANUS project) allocating suppression resources; the allocated units are suppression assets, the objective is multicriteria fire management, and no resident-collection round trip or latest-dispatch time is computed."
papaioannou2026adaptive,Adaptive Monitoring of Stochastic Fire Front Processes via Information-seeking Predictive Control,Savvas Papaioannou; Panayiotis Kolios; Christos G. Panayiotou; Marios M. Polycarpou,2026,arXiv:2601.11231,preprint,null,null,null,UNVERIFIED,https://arxiv.org/abs/2601.11231,PREPRINT,OA,2026-09-19,6; 7,HIGH,WG-C-008,"The closest wildfire-specific prior art to WG-C-008: a drone trajectory chosen by information-seeking predictive control over a stochastic elliptical fire-front model, where the quantity optimised is estimation uncertainty and no protective-action deadline enters the objective."
rambha2021staged,A stochastic optimization model for staged hospital evacuation during hurricanes,Tarun Rambha; Linda K. Nozick; Rachel Davidson; Wenqi Yi; Kun Yang,2021,Transportation Research Part E: Logistics and Transportation Review,journal,151,UNVERIFIED,102321,10.1016/j.tre.2021.102321,https://doi.org/10.1016/j.tre.2021.102321,PEER_REVIEWED,CLOSED,2026-09-19,2; 9,HIGH,WG-C-003; WG-C-005; WG-C-011,"Rambha et al. answer ""in what order and at which forecast stage should patients be moved"", producing an adaptive evacuate/shelter policy over a hurricane scenario tree; WildfireGuardian asks the inverse, closed-form question -- the single latest departure instant at which one responder's full round trip still closes under a modelled fire."
ramirez2019stochastic,Stochastic decision trigger modelling to assess the probability of wildland fire impact,J. Ramirez; S. Monedero; C. A. Silva; A. Cardil,2019,Science of The Total Environment,journal,694,null,133505,10.1016/j.scitotenv.2019.07.311,https://doi.org/10.1016/j.scitotenv.2019.07.311,PEER_REVIEWED,UNVERIFIED,2026-09-19,6,HIGH,WG-C-004,"Produces a probability-of-arrival map for evacuation trigger buffers by perturbing fire-model inputs n times and states it can be solved in real time with any empirical propagation engine; the probabilistic trigger buffer as a deliverable is therefore already occupied, though the output remains a buffer and not a dispatch time."
regnier2006dynamic,A Dynamic Decision Model Applied to Hurricane Landfall,"Regnier, Eva; Harr, Patrick A.",2006,Weather and Forecasting,journal,21,5,764-780,10.1175/WAF958.1,https://journals.ametsoc.org/view/journals/wefo/21/5/waf958_1.xml,PEER_REVIEWED,UNVERIFIED,2026-09-19,4,HIGH,WG-C-002; WG-C-012,"Owns 'act now vs wait for a better forecast' as a sequential decision problem where forecast accuracy is an explicit function of lead time; the protective action is an irreversible preparation cost, not a responder round trip with a mission-completion deadline."
regnier2008public,Public Evacuation Decisions and Hurricane Track Uncertainty,Regnier; Eva,2008,Management Science,journal,54,1,16-28,10.1287/mnsc.1070.0764,https://doi.org/10.1287/mnsc.1070.0764,PEER_REVIEWED,UNVERIFIED,2026-09-19,4,HIGH,WG-C-002; WG-C-012; WG-C-006,"Computes, per location, the false-alarm rate forced by a required miss- probability given track-uncertainty-vs-lead-time, i.e. a forecast-quality boundary for evacuation ordering; the hazard is a hurricane track, the evacuation is an aggregate clearance time, and there is no responder- inclusive mission or tuned positional-trigger comparator."
roysingh2025constellation,Optimal Planning and Machine Learning for Responsive Tracking and Enhanced Forecasting of Wildfires using a Spacecraft Constellation,Sreeja Roy-Singh; Vinay Ravindra; Richard Levinson; Mahta Moghaddam; Jan Mandel; Adam Kochanski; Angel Farguell Caus; Kurtis Nelson; Samira Alkaee Taleghan; Archana Kannan; Amer Melebari,2025,arXiv:2508.06687,preprint,null,null,null,UNVERIFIED,https://arxiv.org/abs/2508.06687,PREPRINT,OA,2026-09-19,7,HIGH,WG-C-008; WG-C-012,"Schedules a satellite constellation for wildfire observation with a mixed-integer program and states an explicit end-to-end latency budget of 6-30 h; the objective maximises aggregate science reward with active-fire targets weighted ten-fold, which is a priority heuristic, not a downstream protective-action consequence."
shahparvari2017robust,Robust stochastic vehicle routing and scheduling for bushfire emergency evacuation: An Australian case study,Shahrooz Shahparvari; Babak Abbasi,2017,Transportation Research Part A: Policy and Practice,journal,104,,32-49,10.1016/j.tra.2017.04.036,https://doi.org/10.1016/j.tra.2017.04.036,PEER_REVIEWED,UNKNOWN,2026-09-19,3,HIGH,WG-C-003; WG-C-005; WG-C-011,"Last-mile, short-notice bushfire evacuation of late evacuees by capacitated vehicles under HARD TIME WINDOWS and route disruption, robustly optimised, on Black Saturday data — the oldest and strongest occupation of 'fetch people before the fire arrives', still with no fire-spread-derived deadline as the reported quantity."
shao2026beliefaware,Belief-Aware Scheduling for Predictive Wildfire Hazard Mapping under Sparse-Window Telemetry,"Shao, Xun; Yamakawa, Kohsuke; Cheah, Wai Shiang",2026,arXiv (2606.06917),preprint,None,None,None,10.48550/arXiv.2606.06917,https://arxiv.org/abs/2606.06917,PREPRINT,open_access,2026-09-19,5,HIGH,WG-C-008,"Wildfire active sensing: schedules sensing/representation/transmission under a sparse downlink so the receiver can predict an H-step-ahead hazard map; the objective is PREDICTIVE loss on the hazard map, not a protective-action decision loss, and the evaluation is a physics-calibrated synthetic environment with no evacuation decision."
tang2025transit,Strategizing equitable transit evacuations: A data-driven reinforcement learning approach,Fang Tang; Han Wang; Maria Laura Delle Monache,2025,Transportation Research Part C: Emerging Technologies,journal,180,,105342,10.1016/j.trc.2025.105342,https://doi.org/10.1016/j.trc.2025.105342,PEER_REVIEWED,UNKNOWN,2026-09-19,3,HIGH,WG-C-003; WG-C-005; WG-C-011,"Transit vehicles must drive INTO the hazard area to collect carless/transit-dependent evacuees and drive them out, with RL allocating scarce vehicles — structurally the same base-pickup-destination trip as WG-C-003, but the control output is a dispatch POLICY, not a fire-relative latest-dispatch TIME, and fire arrival is not the binding constraint."
wahlqvist2021wuinity,The simulation of wildland-urban interface fire evacuation: The WUI-NITY platform,Jonathan Wahlqvist; Enrico Ronchi; Steven M.V. Gwynne; Max Kinateder; Guillermo Rein; Harry Mitchell; Noureddine Benichou; Chunyun Ma; Amanda Kimball; Erica Kuligowski,2021,Safety Science,journal,136,,105145,10.1016/j.ssci.2020.105145,https://doi.org/10.1016/j.ssci.2020.105145,PEER_REVIEWED,UNKNOWN,2026-09-19,3,HIGH,WG-C-001,"The reference three-layer coupling (FARSITE fire + pedestrian + LWR traffic) with PERIL trigger buffers embedded, i.e. exactly the 'model future fire to inform evacuation' architecture WG-C-001 wrongly claimed as first; all traffic is outbound."
wu2025denkf,Forest Fire Spread Prediction and Assimilation Using the Deterministic Ensemble Kalman Filter,Tianyu Wu; Qixing Zhang; Jiping Zhu; Liuheng Xu; Yongming Zhang,2025,Fire Technology,journal,61,4,2467-2492,10.1007/s10694-024-01690-x,https://doi.org/10.1007/s10694-024-01690-x,PEER_REVIEWED,UNVERIFIED,2026-09-19,6,HIGH,WG-C-010,"Uses Observing System Simulation Experiments by name to validate a deterministic EnKF for fire-front correction, so OSSE is already a normal, named method inside wildfire spread prediction; its OSSE evaluates forecast accuracy, never an evacuation decision."
yu2020disruption,Disruption of emergency response to vulnerable populations during floods,Dapeng Yu; Jie Yin; Robert L. Wilby; Stuart N. Lane; Jeroen C. J. H. Aerts; Ning Lin; Min Liu; Hongyong Yuan; Jianguo Chen; Christel Prudhomme; Mingfu Guan; Avinoam Baruch; C. W. D. Johnson; Xi Tang; Lizhong Yu; Shiyuan Xu,2020,Nature Sustainability,journal,UNVERIFIED,UNVERIFIED,UNVERIFIED,10.1038/s41893-020-0516-7,https://doi.org/10.1038/s41893-020-0516-7,PEER_REVIEWED,OA # BRONZE,2026-09-19,2; 9,HIGH,WG-C-003,"Yu et al. model the inbound responder leg under a modelled hazard for exactly the vulnerable sites WildfireGuardian cares about, but they check arrival against an externally fixed response-time standard and never model pickup, egress, or a latest-dispatch time; the mission ends at arrival."
zha2024distributed,The distributed strategy for asynchronous observations in data-driven wildland fire spread prediction,Mengxia Zha; Zheng Wang; Jie Ji; Jiping Zhu,2024,International Journal of Wildland Fire,journal,33,7,UNVERIFIED,10.1071/wf23165,https://doi.org/10.1071/wf23165,PEER_REVIEWED,UNVERIFIED,2026-09-19,6; 7,HIGH,WG-C-010; WG-C-008,"Runs OSSEs to generate asynchronous fire-front observations, treats observation staleness (latency) as the central problem, and concludes that observation resources should be concentrated where spread rates are highest; the allocation rule is driven by prediction error, not by any protective-action consequence."
abbasi2015vehicle,Vehicle routing and scheduling for bushfire emergency evacuation,Babak Abbasi; Shahrooz Shahparvari; Prem Chhetri,2015,2015 IEEE International Conference on Industrial Engineering and Engineering Management (IEEM),conference,UNVERIFIED,UNVERIFIED,UNVERIFIED,UNVERIFIED,UNVERIFIED,PEER_REVIEWED,UNKNOWN,2026-09-19,2,MODERATE,WG-C-005; WG-C-011,"Earliest paper in the Shahparvari/Abbasi bushfire-VRP lineage; determines vehicles, schedules and routes inside given time windows and fire-propagation scenarios, with no deadline as output."
allaire2020ensemble,Generation and evaluation of an ensemble of wildland fire simulations,Frederic Allaire; Jean-Baptiste Filippi; Vivien Mallet,2020,International Journal of Wildland Fire,journal,29,2,160-173,10.1071/wf19073,https://doi.org/10.1071/wf19073,PEER_REVIEWED,UNVERIFIED,2026-09-19,6,MODERATE,WG-C-004,"Imports meteorological probabilistic verification (burn-probability maps scored with proper scores) into wildfire, on seven real Corsican fires; it scores the forecast, never the decision, and its ensemble is single-model Monte Carlo over inputs."
an2026donghae,"Analysis of Evacuation Behavior among Disaster-Vulnerable Groups during Wildfire Events Using Mobile Floating Population Data: A Case Study of the 2022 Mangsang and Mukho-dong, Donghae",Korea Safety Culture Society,2026,Forum of Public Safety and Culture,journal,56,UNVERIFIED,135-147,10.52902/kjsc.2026.56.135,https://doi.org/10.52902/kjsc.2026.56.135,PEER_REVIEWED,closed,2026-09-19,8; 9,MODERATE,WG-C-007; WG-C-005,"Measures OBSERVED Korean evacuation response time and movement intensity by population group after a real disaster text message (2022 Donghae fire), finding older adults had the lowest movement intensity; it measures behaviour, it does not compute any deadline. Its finding is the strongest empirical Korean support for the premise behind WG-C-005."
bailonruiz2022uavfleet,Real-time wildfire monitoring with a fleet of UAVs,Rafael Bailon-Ruiz; Arthur Bit-Monnot; Simon Lacroix,2022,Robotics and Autonomous Systems,journal,152,null,104071,10.1016/j.robot.2022.104071,https://doi.org/10.1016/j.robot.2022.104071,PEER_REVIEWED,UNVERIFIED,2026-09-19,7,MODERATE,WG-C-008,"Closes the loop the other way round from most sensing work - a fire-spread forecast defines where the UAV fleet should look next - but the observation plan is scored by coverage of the predicted fire perimeter, never by what a commander would do differently."
braydwood2026quantum,Partitioned Iterative Quantum Scheduling of Satellites for Urgent Disaster Response: Case study of Wildfire,Lucas T. Braydwood; Taejin Park; Hirofumi Hashimoto; Zoe Gonzalez Izquierdo; Andrew Michaelis; Eleanor Rieffel; Shon Grabbe,2026,arXiv:2606.12310,preprint,null,null,null,UNVERIFIED,https://arxiv.org/abs/2606.12310,PREPRINT,OA,2026-09-19,7,MODERATE,WG-C-008,"Satellite tasking for urgent wildfire response solved with iterative quantum algorithms; the objective is scheduling efficiency and near-real-time coverage, with no link from a scheduling choice to an evacuation or dispatch consequence."
chang2024stochastic,Stochastic ambulance dispatching and routing in mass casualty incident under road vulnerability,Kuo-Hao Chang,2024,Journal of the Operational Research Society,journal,UNVERIFIED,UNVERIFIED,UNVERIFIED,UNVERIFIED,UNVERIFIED,PEER_REVIEWED,UNKNOWN,2026-09-19,2,MODERATE,WG-C-011,"The scarce-ambulance allocation formulation WG-C-011 would occupy, solved for survivor count rather than for a dispatch time."
chang2026multiscale,"Multiscale Wildfire-Evacuation Modeling: Assessing Differential Access to Safe Egress in Marin County, CA",Saemi Chang; Louise Comfort; Kenichi Soga; Pengshun Li; Yanglan Wang,2026,Risk Analysis,journal,UNVERIFIED,UNVERIFIED,UNVERIFIED,10.1111/risa.70338,https://doi.org/10.1111/risa.70338,PEER_REVIEWED,OA # BRONZE,2026-09-19,9,MODERATE,WG-C-005; WG-C-007; WG-C-009,"Chang et al. show that ALERT LATENCY and mobility constraints jointly determine who gets out -- the nearest published treatment of latency as a decision-relevant variable in wildfire evacuation -- but for self-evacuating households, with no responder, no pickup, and no deadline. This is the closest existing work to WG-C-012's spirit inside Category 9."
cova2011shelter,Modeling Evacuate versus Shelter-in-Place Decisions in Wildfires,Thomas J. Cova; Philip E. Dennison; Frank A. Drews,2011,Sustainability,journal,3,10,1662-1687,10.3390/su3101662,https://doi.org/10.3390/su3101662,PEER_REVIEWED,OA,2026-09-19,1,MODERATE,WG-C-002; WG-C-013,"Poses wildfire protective action as an explicit decision-analytic choice (evacuate vs shelter-in-place) with a loss structure, which is the decision-theoretic framing WG-C-002 builds on; it does not parameterise the decision by forecast skill, lead time or latency."
dubois2022capacitated,Capacitated Vehicle Routing Problem Under Deadlines: An Application to Flooding Crisis,Florent Dubois; Paul Renaud-Goud; Patricia Stolf,2022,IEEE Access,journal,10,UNVERIFIED,45629-45642,10.1109/access.2022.3170446,https://doi.org/10.1109/access.2022.3170446,PEER_REVIEWED,OA,2026-09-19,2,MODERATE,WG-C-003; WG-C-011,"A useful precedent for the phrase ""deadline"" in rescue routing, but the deadlines are exogenous per-victim constraints; nothing is computed backwards from a hazard-progression model."
ebrahimnejad2021disability,An optimization model for evacuating people with disability in extreme disaster conditions: A case study,Sadoullah Ebrahimnejad; Michelle Villeneuve; Reza Tavakkoli-Moghaddam,2021,Scientia Iranica,journal,"UNVERIFIED # Crossref returned volume 0, issue 0, pages 0-0 (article in press record)",UNVERIFIED,UNVERIFIED,10.24200/sci.2021.57431.5237,https://doi.org/10.24200/sci.2021.57431.5237,PEER_REVIEWED,UNKNOWN,2026-09-19,2; 9,MODERATE,WG-C-005,NEEDS_FULL_TEXT -- recorded from bibliographic metadata only.
flores2020supported,Supported Evacuation for Disaster Relief through Lexicographic Goal Programming,Inmaculada Flores; M. Teresa Ortuno; Gregorio Tirado; Begona Vitoriano,2020,Mathematics,journal,8,4,648,10.3390/math8040648,https://doi.org/10.3390/math8040648,PEER_REVIEWED,OA,2026-09-19,3,MODERATE,WG-C-005; WG-C-011,"Establishes the term and the model class 'supported evacuation' (health-condition classes, dynamic arrival at pick-up points, no trade-off between objectives) on an earthquake/tsunami case — the framing WG-C-005 must cite rather than claim."
fryer2013entrapment,Wildland firefighter entrapment avoidance: modelling evacuation triggers,Gregory K. Fryer; Philip E. Dennison; Thomas J. Cova,2013,International Journal of Wildland Fire,journal,22,7,883-893,10.1071/wf12160,https://doi.org/10.1071/WF12160,PEER_REVIEWED,UNKNOWN,2026-09-19,1,MODERATE,WG-C-003,"Moves the trigger subject from residents to FIREFIGHTERS and varies the evacuation MODE (foot, engine, dozer), which is the closest the classical lineage gets to a responder — but the responder's modelled leg is still one-way egress to a safety zone, never an inbound round trip."
grajdura2022fastmoving,Fast-moving dire wildfire evacuation simulation,Sarah Grajdura; Sachraa Borjigin; Deb Niemeier,2022,Transportation Research Part D: Transport and Environment,journal,104,UNVERIFIED,103190,10.1016/j.trd.2022.103190,https://doi.org/10.1016/j.trd.2022.103190,PEER_REVIEWED,UNKNOWN,2026-09-19,9,MODERATE,WG-C-005,Establishes empirically that reduced vehicle access plus notification delay is what traps people in a fast-moving fire -- the motivating evidence for WG-C-003 -- while explicitly not modelling any assistance being sent.
gwynne2023roxborough,Roxborough Park Community Wildfire Evacuation Drill: Data Collection and Model Benchmarking,Steve M. V. Gwynne; Enrico Ronchi; Jonathan Wahlqvist; Arturo Cuesta; Javier Gonzalez Villa; Erica D. Kuligowski; Amanda Kimball; Guillermo Rein; Max Kinateder; Noureddine Benichou; Hui Xie,2023,Fire Technology,journal,59,2,879-901,10.1007/s10694-023-01371-1,https://doi.org/10.1007/s10694-023-01371-1,PEER_REVIEWED,UNKNOWN,2026-09-19,3,MODERATE,WG-C-006; WG-C-010,Supplies the real community-drill dataset (departure and arrival times) that both the trigger lineage and the supported-evacuation OR lineage now benchmark against — it is the empirical baseline WG-C-006 must beat or at least match.
hope2024wildfiresat,"A cost-benefit analysis of WildFireSat, a wildfire monitoring satellite mission for Canada","Hope, Emily S.; McKenney, Daniel W.; Johnston, Lynn M.; Johnston, Joshua M.",2024,PLOS ONE,journal,19,5,e0302699,10.1371/journal.pone.0302699,https://doi.org/10.1371/journal.pone.0302699,PEER_REVIEWED,open_access,2026-09-19,5,MODERATE,WG-C-008,"Values a wildfire OBSERVING SYSTEM as a whole by cost-benefit analysis; the unit of analysis is a mission programme, not the marginal decision value of an individual observation under a deadline."
kim2024directional,Directional analysis of community wildfire evacuation capabilities,Amy M. Kim; Jennifer L. Beverly; Abdullah Al Zahid,2024,Safety Science,journal,171,,106378,10.1016/j.ssci.2023.106378,https://doi.org/10.1016/j.ssci.2023.106378,PEER_REVIEWED,UNKNOWN,2026-09-19,3,MODERATE,WG-C-009; WG-C-007,"Asks which DIRECTIONS of fire approach a community can and cannot evacuate against, which is close to WG-C-009 robust protectability, but the capability is an egress property of the community, not a mission-feasibility property of a responder."
kwak2021evacroute,Development of Evacuation Route Planning Algorithm for Responding to Urban Forest Fires,"Kwak, Jae-Hwan (곽재환); Kim, Namgyun (김남균); Kim, Man-Il (김만일)",2021,Journal of the Korean Society of Hazard Mitigation / 한국방재학회논문집,journal,21,6,63-70,10.9798/KOSHAM.2021.21.6.63,https://www.kci.go.kr/kciportal/ci/sereArticleSearch/ciSereArtiView.kci?sereArticleSearchBean.artiId=ART002789577,PEER_REVIEWED,UNVERIFIED,2026-09-19,8,MODERATE,WG-C-007,"Kwak et al. enumerate up to fifteen GIS shortest-path evacuation routes per origin to a shelter under an urban-wildfire spread zone; the output is a route set with no departure time, no time-varying fire front, and no responder leg."
masiwal2026decisionoriented,Decision-oriented benchmarking to transform AI weather forecast access: Application to the Indian monsoon,"Masiwal, Rajat; Aitken, Colin; Marchakitus, Adam; Gupta, Mayank; Kowal, Katherine; Pahlavan, Hamid A.; Yang, Tyler; Sun, Y. Qiang; Kremer, Michael; Jina, Amir; Boos, William R.; Hassanzadeh, Pedram",2026,arXiv (2602.03767),preprint,None,None,None,10.48550/arXiv.2602.03767,https://arxiv.org/abs/2602.03767,PREPRINT,open_access,2026-09-19,4,MODERATE,WG-C-006; WG-C-002; WG-C-012,"Builds a decision-oriented benchmark (miss rate, false alarm rate, skill vs climatology, operational runnability) to choose which forecast system to deploy; the comparator is climatology, the decision is agricultural planting, and operational latency is a selection criterion but is not a quantified decision variable."
mendes2024robustsuppression,A robust optimisation approach for the placement of forest fire suppression resources,Andre Bergsten Mendes; Filipe Pereira e Alvelos,2024,International Transactions in Operational Research,journal,32,3,1312-1342,10.1111/itor.13524,https://doi.org/10.1111/itor.13524,PEER_REVIEWED,UNKNOWN,2026-09-19,2,MODERATE,WG-C-009; WG-C-013,"Robust initial-attack placement of suppression resources against uncertain predicted fire behaviour; robustness is over fire-behaviour uncertainty for asset positioning, not over whether a named resident remains extractable, and the decision is placement, not dispatch timing."
nifos2018evacsystem,Development of an Evacuation System for Reducing Damages by Forest Disaster,"Yoon, Ho-joong (윤호중) [principal investigator]; National Institute of Forest Science (국립산림과학원)",2018,Research report to the Korea Forest Service (산림청); NTIS/ScienceON report TRKO201800042755,government_research_report,UNVERIFIED,UNVERIFIED,UNVERIFIED,UNVERIFIED,https://scienceon.kisti.re.kr/srch/selectPORSrchReport.do?cn=TRKO201800042755,GOVERNMENT_REPORT,record_open_fulltext_unverified,2026-09-19,8,MODERATE,WG-C-007; WG-C-005,NIFoS computes an evacuation RANGE (which area must clear) from modelled smoke dispersion and ranks warning-evacuation priority; WildfireGuardian computes an evacuation TIME (when a responder must depart) from modelled fire-front arrival on both legs of a round trip.
olivetti2026compounding,Assessing the real-world economic value of weather forecasts for compounding extremes,"Olivetti, Leonardo; Messori, Gabriele; Avner, Paolo; Hallegatte, Stephane",2026,Environmental Research Letters,journal,21,15,154048,10.1088/1748-9326/ae9327,https://doi.org/10.1088/1748-9326/ae9327,PEER_REVIEWED,UNVERIFIED,2026-09-19,4,MODERATE,WG-C-002; WG-C-014,"Shows model rankings flip with cost-loss ratio and penalty structure (IFS HRES vs AIFS), i.e. meteorological skill does not determine which system is better for a given decision-maker; urban multi-hazard, no evacuation mission."
rodriguezfernandez2025mcda,Participatory multi-criteria decision analysis to prioritize management areas that help suppress wildfires,Sergio Rodriguez-Fernandez; Philip J. Murphy; Keith M. Reynolds; Srijana Poudel; Jose Ramon Gonzalez-Olabarria; Jose G. Borges,2025,Frontiers in Forests and Global Change,journal,8,UNVERIFIED,1654107,10.3389/ffgc.2025.1654107,https://doi.org/10.3389/ffgc.2025.1654107,PEER_REVIEWED,OA,2026-09-19,2,MODERATE,WG-C-013,"Spatial prioritisation of fuel-management areas using stakeholder-weighted MCDA in Portugal; ranks landscape units for pre-season treatment, not interventions ranked by their effect on an individual mission's feasibility."
sevim2025savrural,A Simulation-Based Framework for Leveraging Shared Autonomous Vehicles to Enhance Disaster Evacuations in Rural Regions with a Focus on Vulnerable Populations,"Sevim, Alican; Guo, Qian-wen; Ozguven, Eren Erman",2025,arXiv (FAMU-FSU College of Engineering),preprint,UNVERIFIED,UNVERIFIED,UNVERIFIED,UNVERIFIED,https://arxiv.org/abs/2502.07787,PREPRINT,OA,2026-09-19,2; 9,MODERATE,WG-C-005; WG-C-011,"PROVISIONAL RECORD. The rural + vulnerable + dispatched-vehicle combination is the closest demographic match to the Korean setting; its treatment of ""timing"" must be read in full before WG-C-003 or WG-C-011 is defended."
shahparvari2016enhancing,Enhancing emergency evacuation response of late evacuees: Revisiting the case of Australian Black Saturday bushfire,Shahrooz Shahparvari; Prem Chhetri; Babak Abbasi; Ahmad Abareshi,2016,Transportation Research Part E: Logistics and Transportation Review,journal,93,UNVERIFIED,148-176,10.1016/j.tre.2016.05.010,https://doi.org/10.1016/j.tre.2016.05.010,PEER_REVIEWED,OA # Semantic Scholar reports GREEN,2026-09-19,2,MODERATE,WG-C-005; WG-C-011,"Multi-objective tactical plan for clearing late evacuees inside a hard time window; the reported result is feasibility of the plan, not the latest time at which dispatch would still have been feasible."
shahparvari2017possibilistic,Possibilistic scheduling routing for short-notice bushfire emergency evacuation under uncertainties: An Australian case study,Shahrooz Shahparvari; Babak Abbasi; Prem Chhetri,2017,Omega,journal,72,UNVERIFIED,96-117,10.1016/j.omega.2016.11.007,https://doi.org/10.1016/j.omega.2016.11.007,PEER_REVIEWED,CLOSED,2026-09-19,2,MODERATE,WG-C-005,NEEDS_FULL_TEXT -- recorded from bibliographic metadata only; no abstract retrieved.
shahparvari2019fleet,Fleet routing and scheduling in bushfire emergency evacuation: A regional case study of the Black Saturday bushfires in Australia,Shahparvari; Abbasi; Chhetri; Abareshi,2019,Transportation Research Part D: Transport and Environment,journal,67,,703-722,10.1016/j.trd.2016.11.015,https://doi.org/10.1016/j.trd.2016.11.015,PEER_REVIEWED,UNKNOWN,2026-09-19,3,MODERATE,WG-C-003; WG-C-011,"Regional fleet routing/scheduling for bushfire evacuation; recorded for completeness of the Shahparvari lineage - NEEDS_FULL_TEXT before it is cited, since only a truncated Crossref title and family names were verified."
siam2022interdisciplinary,An interdisciplinary agent-based multimodal wildfire evacuation model: Critical decisions and life safety,M.R.K. Siam; Haizhong Wang; Michael K. Lindell; Chen Chen; Eleni I. Vlahogianni; Kay Axhausen,2022,Transportation Research Part D: Transport and Environment,journal,103,,103147,10.1016/j.trd.2021.103147,https://doi.org/10.1016/j.trd.2021.103147,PEER_REVIEWED,UNKNOWN,2026-09-19,3,MODERATE,WG-C-005,"Multimodal agent-based wildfire evacuation tying household decision timing to life-safety outcomes; establishes that 'critical decisions' are the right output unit, but the decision is the household's departure, not a responder's dispatch."
simon2022wildfirevoi,The Costs and Costs Avoided From Wildfire Fire Management - A Conceptual Framework for a Value of Information Analysis,"Simon, Benjamin; Crowley, Christopher; Franco, Fabiano",2022,Frontiers in Environmental Science,journal,10,None,804958,10.3389/fenvs.2022.804958,https://doi.org/10.3389/fenvs.2022.804958,PEER_REVIEWED,open_access,2026-09-19,5,MODERATE,WG-C-008,"Wildfire VOI exists, but as a CONCEPTUAL cost-minimisation framework over fuel treatment / suppression / rehabilitation effort; explicitly does not address sensor selection, observation timing, or decision-directed sensing."
stephenson2025extremeloss,The Economic Value of Forecasts in Reducing Extreme Total Losses,Stephenson; David B.,2025,Meteorological Applications,journal,32,6,UNVERIFIED,10.1002/met.70117,https://doi.org/10.1002/met.70117,PEER_REVIEWED,UNVERIFIED,2026-09-19,4,MODERATE,WG-C-002; WG-C-014,"Derives expected loss and loss VARIANCE as functions of hit rate and false alarm rate, showing the minimum-VaR operating point differs from the minimum-expected-loss point - another accuracy/value non-alignment result, in closed form, hazard-generic."
sung2025geostationary,Real-Time Wildfire Monitoring via Geostationary Satellite and Artificial Intelligence: Insights from the March 2025 South Korea Wildfires,"Sung, Taejun; Lee, Garyung; Kim, Doeun; Kim, Woohyeok; Yang, Seyoung; Im, Jungho",2025,Korean Journal of Remote Sensing / 한국원격탐사학회지,journal,41,3,565-580,10.7780/kjrs.2025.41.3.6,https://www.kjrs.org/journal/view.html?doi=10.7780%2Fkjrs.2025.41.3.6,PEER_REVIEWED,diamond_OA_CC-BY-NC,2026-09-19,8,MODERATE,WG-C-007; WG-C-012,Quantifies Korean wildfire OBSERVATION latency (mean 12.9-18.2 min geostationary vs 210-318 min polar-orbiting; Uiseong detected in 22-36 min vs 93-196 min) but never converts latency into decision value. WG-C-012 needs exactly this number as an input and must cite it rather than re-derive it.
verkade2011estimating,Estimating the benefits of single value and probability forecasting for flood warning,"Verkade, J. S.; Werner, M. G. F.",2011,Hydrology and Earth System Sciences,journal,15,12,3751-3765,10.5194/hess-15-3751-2011,https://doi.org/10.5194/hess-15-3751-2011,PEER_REVIEWED,open_access,2026-09-19,4,MODERATE,WG-C-002,"Computes REV of deterministic vs probabilistic flood forecasts as a function of lead time with a no-warning/perfect-warning reference; no tuned positional trigger, no mission deadline."
xu2022multiparking,Multi-Parking Lot and Shelter Heterogeneous Vehicle Routing Problem With Split Pickup Under Emergencies,Lina Xu; Ziyang Wang; Xudong Chen; Zhengwei Lin,2022,IEEE Access,journal,10,UNVERIFIED,36073-36090,10.1109/access.2022.3163715,https://doi.org/10.1109/access.2022.3163715,PEER_REVIEWED,OA,2026-09-19,2; 9,MODERATE,WG-C-005; WG-C-011,"Owns the ""who gets which vehicle"" matching constraint (mobility class to vehicle class) that WG-C-011 would otherwise claim, but with no hazard progression and no timing feasibility at all."
xu2026wildfirefm,"Does Your Wildfire Prediction Model Actually Work, or Just Score Well?","Xu, Yangshuang; Dai, Yuyang; Chang, Liling; Wang, Qi; Dong, Yushun",2026,arXiv (2605.18911v2),preprint,None,None,None,10.48550/arXiv.2605.18911,https://arxiv.org/abs/2605.18911,PREPRINT,open_access,2026-09-19,5,MODERATE,WG-C-014,"Shows wildfire model rankings flip with evaluation design (matching rules, head selection) under a fixed-contract framework; the sensitivity is metric- to-metric within prediction, NOT prediction-metric-to-decision-quality, so it does not itself occupy WG-C-014."
zhao2020roundtrip,A round-trip bus evacuation model with scheduling and routing planning,Xing Zhao; Kang Ji; Peng Xu; Wen-wen Qian; Gang Ren; Xiao-nian Shan,2020,Transportation Research Part A: Policy and Practice,journal,137,UNVERIFIED,285-300,10.1016/j.tra.2020.05.008,https://doi.org/10.1016/j.tra.2020.05.008,PEER_REVIEWED,CLOSED,2026-09-19,2,MODERATE,WG-C-003; WG-C-005,"Owns the phrase ""round-trip"" in bus evacuation -- depot to pickup point to shelter and back, with bus capacity, demand and time-window constraints -- but minimises total evacuee time cost with no hazard progression and no departure deadline."
zhu2002economic,The Economic Value of Ensemble-Based Weather Forecasts,"Zhu, Yuejian; Toth, Zoltan; Wobus, Richard; Richardson, David; Mylne, Kenneth",2002,Bulletin of the American Meteorological Society,journal,83,1,73-83,10.1175/1520-0477(2002)083<0073:TEVOEB>2.3.CO;2,https://doi.org/10.1175/1520-0477(2002)083<0073:TEVOEB>2.3.CO;2,PEER_REVIEWED,UNVERIFIED,2026-09-19,4,MODERATE,WG-C-002; WG-C-004,"Shows ensembles beat a higher-resolution control forecast across the cost- loss spectrum; the comparator is a competing forecast system, not a tuned non-forecast policy."
borgwardt2024evacuation,Evacuation Planning on Time-Expanded Networks with Integrated Wildfire Information,Steffen Borgwardt; Nicholas Crawford; Drew Horton; Angela Morrison; Emily Speakman,2024,arXiv (University of Colorado Denver),preprint,UNVERIFIED,UNVERIFIED,UNVERIFIED,UNVERIFIED,https://arxiv.org/abs/2410.14500,PREPRINT,OA,2026-09-19,2,LOW,,"Uses a predicted fire to build and then update a self-evacuation flow plan; contains no assisted evacuation, no responder and no deadline. Relevant to WG-C-001/002, not to WG-C-003."
choi2026ridgeline,Wildfire Perimeters Align with Topographic Ridge Lines: A Null Model Benchmark for Fire-Spread Modelling in 118 Korean Wildfires (2018-2025),"Choi, J. H.; Chae, HeeMun",2026,Fire,journal,9,6,247,10.3390/fire9060247,https://doi.org/10.3390/fire9060247,PEER_REVIEWED,gold_OA_CC-BY,2026-09-19,8,LOW,WG-C-007; WG-C-014,"Establishes a Korea-specific observational benchmark (fire perimeters are ridge-proximal AND ridge-aligned, mean enrichment 2.3 vs 1.5 for proximity alone) against which a fire-spread model must be judged in Korea. This is the single best candidate evidence for a NOVELTY_STANDARD §4(a)/(b) argument, because it gives a documented Korean terrain signal that a spread model can be shown to reproduce or miss."
frisvold2024demandinfo,Demand for Information for Wildland Fire Management,"Frisvold, George B.; Zhang, Ning; Crimmins, Michael A.; Ferguson, Daniel; Maxwell, Charles",2024,Atmosphere,journal,15,11,1364,10.3390/atmos15111364,https://doi.org/10.3390/atmos15111364,PEER_REVIEWED,open_access,2026-09-19,5,LOW,,"Empirical study of WHO uses fire information and when; descriptive demand- side evidence, no normative VOI computation and no sensing design."
gu2016spreadalgorithm,Prediction of Wildfire Spread and Propagation Algorithm for Disaster Area,"Gu, Nam-kyung (구남경); Lee, Kang-hwan (이강환)",2016,Journal of the Korea Institute of Information and Communication Engineering / 한국정보통신학회논문지,journal,20,8,1581-1586,10.6109/jkiice.2016.20.8.1581,https://scienceon.kisti.re.kr/srch/selectPORSrchArticle.do?cn=JAKO201626360540384,PEER_REVIEWED,UNVERIFIED,2026-09-19,8,LOW,WG-C-007,"A sensor-network spread-direction/speed predictor whose abstract says the result could tell nearby residents whether and by when to evacuate; the paper reports a prediction algorithm, not any computed evacuation deadline. Claim only what the abstract supports (evidence level E2 — abstract only)."
han2026dangerrating,A Comparative Review of Wildfire Danger Rating Systems: Focus on Fuel Moisture Modeling Frameworks,"Han, Songhee; Heo, Sujung; Lee, Yeeun; Jang, Mina; Jung, Sungcheol; Ahn, Sujung",2026,Forests,journal,17,4,486,10.3390/f17040486,https://doi.org/10.3390/f17040486,PEER_REVIEWED,gold_OA_CC-BY,2026-09-19,8,LOW,WG-C-007,"Peer-reviewed characterisation of the Korean KFDRS against NFDRS/CFFDRS/EFFIS/AFDRS, documenting that KFDRS is daily, district-resolution, empirical and weather-driven with no live-fuel-moisture model. This is a citable, independent statement of a Korean operational limitation — useful raw material for a §4(b) argument."
heo2026vulnerability,Bridging Climate and Socio-Environmental Vulnerability for Wildfire Risk Assessment Using Explainable Machine Learning: Evidence from the 2025 Wildfire in Korea,"Heo, Sujung; Ahn, Sujung; Lee, Ye-Eun; Jung, Sung-Cheol; Jang, Mina",2026,Forests,journal,17,2,182,10.3390/f17020182,https://doi.org/10.3390/f17020182,PEER_REVIEWED,gold_OA_CC-BY,2026-09-19,8; 9,LOW,WG-C-007,"Maps 2025-fire susceptibility against socio-environmental exposure in Gyeongbuk (CatBoost/LightGBM, AUC ~0.91), reporting that high-susceptibility corridors coincide with counties of high elderly share; it is a static risk map, not a timing analysis."
janfeshanaraghi2025silverado,Traffic Performance Indicators for Evacuation: The Case Study of the 2020 Silverado Wildfire,Nima Janfeshanaraghi; Arthur Rohaert; Enrico Ronchi; Noureddine Benichou; Erica D. Kuligowski,2025,Fire Technology,journal,61,7,5815-5839,10.1007/s10694-025-01813-y,https://doi.org/10.1007/s10694-025-01813-y,PEER_REVIEWED,UNKNOWN,2026-09-19,3,LOW,WG-C-006,"Defines empirical traffic performance indicators from a real wildfire evacuation, giving the field measured comparators; useful as a source of realistic congestion numbers for WG-C-003's ingress leg, not a competing claim."
li2017reversegeocoding,Using reverse geocoding to identify prominent wildfire evacuation trigger points,Dapeng Li; Thomas J. Cova; Philip E. Dennison,2017,Applied Geography,journal,87,,14-27,10.1016/j.apgeog.2017.05.008,https://doi.org/10.1016/j.apgeog.2017.05.008,PEER_REVIEWED,UNKNOWN,2026-09-19,1,LOW,,"Operationalises trigger buffers into named landmarks a dispatcher can say out loud; purely a communicability step, no decision-quantity novelty."
macleod2021anticipatory,Playing the long game: Anticipatory action based on seasonal forecasts,"MacLeod, David; Kniveton, Dominic R.; Todd, Martin C.",2021,Climate Risk Management,journal,34,None,100375,10.1016/j.crm.2021.100375,https://doi.org/10.1016/j.crm.2021.100375,PEER_REVIEWED,UNVERIFIED,2026-09-19,4,LOW,,"Asks how long a forecast-based-action system must run before value is realised with confidence; a temporal-sampling question, not a skill-boundary question."
nifos2026kfdrs,National Forest Fire Danger Forecasting System [translation],National Institute of Forest Science (국립산림과학원); Forest Disaster Prediction and Analysis Center (산림재난예측분석센터),2026,"Operational national system, forestfire.nifos.go.kr; statutory basis 산림보호법 제31조 및 시행령 제23조",operational_government_system,UNVERIFIED,UNVERIFIED,UNVERIFIED,UNVERIFIED,https://forestfire.nifos.go.kr/,GOVERNMENT_REPORT,publicly_accessible_web_service,2026-09-19,8,LOW,WG-C-007,"KFDRS issues a 1–100 ignition-danger index from weather, terrain and forest type (임상); it says nothing about when anyone should leave. It is an input layer, not an evacuation decision tool."
sun2024kincade,Social Vulnerabilities and Wildfire Evacuations: A Case Study of the 2019 Kincade Fire,"Sun, Yuran; Forrister, Ana; Kuligowski, Erica D.; Lovreglio, Ruggiero; Cova, Thomas J.; Zhao, Xilei",2024,arXiv,preprint,UNVERIFIED,UNVERIFIED,UNVERIFIED,UNVERIFIED,https://arxiv.org/abs/2402.06639,PREPRINT,OA,2026-09-19,9,LOW,,PROVISIONAL RECORD. Empirical evidence on differential wildfire evacuation outcomes for vulnerable groups; no model of assistance provision.
xu2026wildfirescoring,"Does Your Wildfire Prediction Model Actually Work, or Just Score Well?",,2026,arXiv (2605.18911),preprint,-,-,-,UNVERIFIED,https://arxiv.org/abs/2605.18911,PREPRINT,green,2026-09-19,10,LOW,WG-C-014,"Shows 'selection regret' between PR-AUC and decision-F1 for wildfire occupancy/spread tasks; it is a classification-metric result, not an evacuation-deadline result. PREPRINT."
allaire2021emulation,Emulation of wildland fire spread simulation using deep learning,Frederic Allaire; Vivien Mallet; Jean-Baptiste Filippi,2021,Neural Networks,journal,141,null,184-198,10.1016/j.neunet.2021.04.006,https://doi.org/10.1016/j.neunet.2021.04.006,PEER_REVIEWED,UNVERIFIED,2026-09-19,6,BACKGROUND,,"Quantifies the emulation trade WildfireGuardian depends on: a several-thousand-fold speed-up bought at a burned-area MAPE of 32.8%; it reports that error as an approximation cost, not as a decision cost."
andrews2018rothermel,The Rothermel surface fire spread model and associated developments: A comprehensive explanation,Patricia L. Andrews,2018,"USDA Forest Service, Rocky Mountain Research Station, General Technical Report RMRS-GTR-371",report,RMRS-GTR-371,UNVERIFIED,121 p.,10.2737/RMRS-GTR-371,https://research.fs.usda.gov/treesearch/55928,GOVERNMENT_REPORT,public_domain_us_government,2026-09-19,6,BACKGROUND,,"Reference consolidation of the Rothermel equations and their NFDRS/BEHAVE variants; it is the document that tells us which Rothermel variant a downstream simulator actually implements, and nothing about decisions."
arnold1986osse,"Observing-Systems Simulation Experiments: Past, Present, and Future",,1986,Bulletin of the American Meteorological Society,journal,67,6,687-695,10.1175/1520-0477(1986)067<0687:OSSEPP>2.0.CO;2,https://doi.org/10.1175/1520-0477(1986)067%3C0687:OSSEPP%3E2.0.CO;2,PEER_REVIEWED,gold,2026-09-19,10,BACKGROUND,WG-C-010,"Foundational OSSE methodology statement, including the identical-twin problem. NEEDS_FULL_TEXT to quote directly."
atlas1997observations,Atmospheric Observations and Experiments to Assess Their Usefulness in Data Assimilation,,1997,Journal of the Meteorological Society of Japan. Ser. II,journal,75,1B,111-130,10.2151/jmsj1965.75.1b_111,https://doi.org/10.2151/jmsj1965.75.1b_111,PEER_REVIEWED,gold,2026-09-19,10,BACKGROUND,WG-C-010,Classic statement of OSSE validation requirements in NWP. NEEDS_FULL_TEXT: cited secondhand via Yu et al. 2019 for the identical-twin bias claim.
averill2007emergencyresponse,Accounting for emergency response in building evacuation,Jason D. Averill; Weiguo Song,2007,NIST Interagency/Internal Report (NISTIR) 7425,report,,,UNVERIFIED,10.6028/nist.ir.7425,https://doi.org/10.6028/NIST.IR.7425,GOVERNMENT_REPORT,OA,2026-09-19,3,BACKGROUND,WG-C-003,"Building-fire, not wildfire: models first responders moving UP a stairwell against occupants moving down, i.e. the counterflow ingress penalty - the mechanism WG-C-003 needs, established decades ago in a different hazard and at a different scale; it is a government report, NOT peer-reviewed."
axtell1996aligning,Aligning simulation models: A case study and results,,1996,Computational and Mathematical Organization Theory,journal,1,2,123-141,10.1007/bf01299065,https://doi.org/10.1007/bf01299065,PEER_REVIEWED,closed,2026-09-19,10,BACKGROUND,WG-C-010,Introduces docking (model-to-model alignment) as the evidence standard when two models are supposed to represent the same system.
bennett2026wise,Assessment of fire spread predictions from the Wildfire Intelligence and Simulation Engine (W.I.S.E.) using a large set of satellite-derived wildfire perimeters,L. Bennett; P. Jain; B. Moore; J. Boisvert,2026,International Journal of Wildland Fire,journal,35,8,WF26072,10.1071/WF26072,https://doi.org/10.1071/WF26072,PEER_REVIEWED,UNVERIFIED,2026-09-19,6,BACKGROUND,,"The largest published spatial-agreement evaluation of an operational national fire growth model (19,848 fire-days, default-parameter IoU 0.194); it measures perimeter accuracy and explicitly does not connect that accuracy to any decision outcome, which is the gap WG-C-014 targets."
bish2011planning,Planning for a bus-based evacuation,Douglas R. Bish,2011,OR Spectrum,journal,33,3,629-654,10.1007/s00291-011-0256-1,https://doi.org/10.1007/s00291-011-0256-1,PEER_REVIEWED,CLOSED,2026-09-19,2; 9,BACKGROUND,WG-C-005,"The canonical bus-based-evacuation formulation for carless populations. Note the design feature closest to WG-C-003: the last pickup at each location is required to occur by a location-specific, risk-determined time -- an exogenous location deadline, not one derived from a modelled hazard, and applied to the pickup instant rather than to dispatch."
cameron2008clusterbootstrap,Bootstrap-Based Improvements for Inference with Clustered Errors,,2008,Review of Economics and Statistics,journal,90,3,414-427,10.1162/rest.90.3.414,https://doi.org/10.1162/rest.90.3.414,PEER_REVIEWED,closed,2026-09-19,10,BACKGROUND,WG-C-002; WG-C-006,"Gives the exact small-cluster correction our few-event design needs; an econometrics paper, no hazard content."
cameron2015clusterrobust,A Practitioner's Guide to Cluster-Robust Inference,,2015,Journal of Human Resources,journal,50,2,317-372,10.3368/jhr.50.2.317,https://doi.org/10.3368/jhr.50.2.317,PEER_REVIEWED,closed,2026-09-19,10,BACKGROUND,WG-C-006,Survey giving the decision rules for choosing the clustering level; not hazard-specific.
cheng2022surrogate,Data-driven surrogate model with latent data assimilation: Application to wildfire forecasting,Sibo Cheng; I. Colin Prentice; Yuhan Huang; Yufang Jin; Yi-Ke Guo; Rossella Arcucci,2022,Journal of Computational Physics,journal,464,null,111302,10.1016/j.jcp.2022.111302,https://doi.org/10.1016/j.jcp.2022.111302,PEER_REVIEWED,UNVERIFIED,2026-09-19,6; 7,BACKGROUND,,"Couples an LSTM reduced-order surrogate (about 1000x faster than the cellular-automata simulator it emulates) to latent data assimilation of daily satellite perimeters on three Californian fires; the assimilation cadence is daily, which is the latency constraint WG-C-012 is about, but the paper never treats latency as a decision variable."
cruz2013uncertainty,Uncertainty associated with model predictions of surface and crown fire rates of spread,Miguel G. Cruz; Martin E. Alexander,2013,Environmental Modelling & Software,journal,47,null,16-28,10.1016/j.envsoft.2013.04.004,https://doi.org/10.1016/j.envsoft.2013.04.004,PEER_REVIEWED,UNVERIFIED,2026-09-19,6,BACKGROUND,,"The canonical synthesis of rate-of-spread prediction error across 49 datasets and 1278 observations; it establishes the error magnitudes WildfireGuardian's forecast-skill ranges must span, but says nothing about what those errors cost a decision-maker."
dacrema2019progress,Are we really making much progress? A worrying analysis of recent neural recommendation approaches,,2019,Proceedings of the 13th ACM Conference on Recommender Systems (RecSys '19),conference,-,-,101-109,10.1145/3298689.3347058,https://doi.org/10.1145/3298689.3347058,PEER_REVIEWED,green,2026-09-19,10,BACKGROUND,WG-C-006,"The canonical demonstration that weak/untuned baselines manufacture apparent progress; recommender systems, not hazards."
elmachtoub2022smartpredict,"Smart 'Predict, then Optimize",,2022,Management Science,journal,68,1,9-26,10.1287/mnsc.2020.3922,https://doi.org/10.1287/mnsc.2020.3922,PEER_REVIEWED,closed,2026-09-19,10,BACKGROUND,WG-C-014; WG-C-002,"Establishes that prediction error and decision regret are different objectives; generic optimisation setting, no hazard or deadline content."
elmfire2025validation,ELMFIRE documentation: Validation,ELMFIRE Developers (C. Lautenberger et al.),2025,ELMFIRE 2025.0212 documentation (elmfire.io),software_doc,2025.0212,null,null,UNVERIFIED,https://elmfire.io/validation.html,SOFTWARE_DOC,open,2026-09-19,6,BACKGROUND,,"The model's own documentation reports mean Jaccard 0.178 / Sorensen 0.278 for ELMFIRE and 0.176 / 0.274 for FARSITE against historic CONUS fires - the single cheapest citation for how wrong operational spread models are, and it is software documentation, not a peer-reviewed evaluation."
errico2013osse,Development and validation of observing-system simulation experiments at NASA's Global Modeling and Assimilation Office,,2012,Quarterly Journal of the Royal Meteorological Society,journal,139,674,1162-1178,10.1002/qj.2027,https://doi.org/10.1002/qj.2027,PEER_REVIEWED,hybrid,2026-09-19,10,BACKGROUND,WG-C-010,Operational template for building and validating an OSSE system; NWP domain. NEEDS_FULL_TEXT.
finney1998farsite,FARSITE: Fire Area Simulator - model development and evaluation,Mark A. Finney,1998,"USDA Forest Service, Rocky Mountain Research Station, Research Paper RMRS-RP-4 (revised 2004)",report,RMRS-RP-4,UNVERIFIED,UNVERIFIED,UNVERIFIED,https://research.fs.usda.gov/treesearch/4617,GOVERNMENT_REPORT,public_domain_us_government,2026-09-19,6,BACKGROUND,,"FARSITE is the deterministic Huygens-wavelet growth engine the trigger literature (Cova 2005, PERIL) runs; it is a government research paper documenting a simulator, not a study of decision quality."
giglio2016modis,The collection 6 MODIS active fire detection algorithm and fire products,Louis Giglio; Wilfrid Schroeder; Christopher O. Justice,2016,Remote Sensing of Environment,journal,178,null,31-41,10.1016/j.rse.2016.02.054,https://doi.org/10.1016/j.rse.2016.02.054,PEER_REVIEWED,UNVERIFIED,2026-09-19,7,BACKGROUND,,The 1 km MODIS heritage product against which VIIRS and geostationary detectors are benchmarked; at 1 km it cannot resolve the fire-front geometry a trigger boundary needs.
gneiting2007scoring,"Strictly Proper Scoring Rules, Prediction, and Estimation",,2007,Journal of the American Statistical Association,journal,102,477,359-378,10.1198/016214506000001437,https://doi.org/10.1198/016214506000001437,PEER_REVIEWED,closed,2026-09-19,10,BACKGROUND,WG-C-002; WG-C-014,Defines proper scoring and the calibration/sharpness decomposition our forecast-quality axis must use.
hall2023geostationary,"Geostationary active fire products validation: GOES-17 ABI, GOES-16 ABI, and Himawari AHI",J. V. Hall; W. Schroeder; K. Rishmawi; M. Wooster; C. C. Schmidt; C. Huang; I. Csiszar; L. Giglio,2023,International Journal of Remote Sensing,journal,44,10,3174-3193,10.1080/01431161.2023.2217983,https://doi.org/10.1080/01431161.2023.2217983,PEER_REVIEWED,OA,2026-09-19,7,BACKGROUND,,"The reference validation of geostationary fire detection against simultaneous Landsat, giving both the cadence (10 min full disk, 5 min CONUS, 30-60 s mesoscale) and the geolocation penalty for steep terrain that WildfireGuardian must budget for in Korea."
halliwell2014fraternal,Rigorous Evaluation of a Fraternal Twin Ocean OSSE System for the Open Gulf of Mexico,,2014,Journal of Atmospheric and Oceanic Technology,journal,31,1,105-130,10.1175/JTECH-D-13-00011.1,https://doi.org/10.1175/JTECH-D-13-00011.1,PEER_REVIEWED,gold,2026-09-19,10,BACKGROUND,WG-C-010,The clearest published statement of fraternal-twin design criteria and of the requirement that an OSSE neither over- nor under-estimates impact; ocean domain.
henderson2016inversecrime,Inverse Crime' and Model Integrity in Lightcurve Inversion applied to unresolved Space Object Identification,,2016,The Journal of the Astronautical Sciences,journal,64,4,399-413,10.1007/s40295-016-0105-1,https://doi.org/10.1007/s40295-016-0105-1,PEER_REVIEWED,closed,2026-09-19,10,BACKGROUND,WG-C-010,Empirical demonstration that committing the inverse crime yields misleadingly optimistic parameter estimates; different domain (space object ID).
hoffman2016osse,Future Observing System Simulation Experiments,,2016,Bulletin of the American Meteorological Society,journal,97,9,1601-1616,10.1175/BAMS-D-15-00200.1,https://doi.org/10.1175/BAMS-D-15-00200.1,PEER_REVIEWED,gold,2026-09-19,10,BACKGROUND,WG-C-010,Modern OSSE review and design guidance. NEEDS_FULL_TEXT: AMS site returned 403; metadata verified via Crossref only.
hurlbert1984pseudoreplication,Pseudoreplication and the Design of Ecological Field Experiments,,1984,Ecological Monographs,journal,54,2,187-211,10.2307/1942661,https://doi.org/10.2307/1942661,PEER_REVIEWED,closed,2026-09-19,10,BACKGROUND,WG-C-006,Defines the unit-of-analysis error that our per-scenario statistics would commit; not about wildfire.
kaipio2007inversecrime,"Statistical inverse problems: Discretization, model reduction and inverse crimes",,2007,Journal of Computational and Applied Mathematics,journal,198,2,493-504,10.1016/j.cam.2005.09.027,https://doi.org/10.1016/j.cam.2005.09.027,PEER_REVIEWED,bronze,2026-09-19,10,BACKGROUND,WG-C-010,Canonical peer-reviewed treatment of inverse crimes and the Bayesian approximation-error approach that repairs them. NEEDS_FULL_TEXT: abstract elided by publisher.
kunsch1989blockbootstrap,The Jackknife and the Bootstrap for General Stationary Observations,,1989,The Annals of Statistics,journal,17,3,UNVERIFIED,10.1214/aos/1176347265,https://doi.org/10.1214/aos/1176347265,PEER_REVIEWED,green,2026-09-19,10,BACKGROUND,WG-C-006,Provides the block-resampling machinery for dependent sequences; says nothing about wildfire or decisions.
lakens2017equivalence,"Equivalence Tests: A Practical Primer for t Tests, Correlations, and Meta-Analyses",,2017,Social Psychological and Personality Science,journal,8,4,355-362,10.1177/1948550617697177,https://doi.org/10.1177/1948550617697177,PEER_REVIEWED,hybrid,2026-09-19,10,BACKGROUND,WG-C-006; WG-C-002,Supplies the TOST procedure and the SESOI requirement; not about forecasts or hazards.
lakens2018equivalence,Equivalence Testing for Psychological Research: A Tutorial,,2018,Advances in Methods and Practices in Psychological Science,journal,1,2,259-269,10.1177/2515245918770963,https://doi.org/10.1177/2515245918770963,PEER_REVIEWED,hybrid,2026-09-19,10,BACKGROUND,WG-C-006; WG-C-002,The operational tutorial for TOST including how to set and justify the equivalence bound.
lautenberger2013elmfire,Wildland fire modeling with an Eulerian level set method and automated calibration,Chris Lautenberger,2013,Fire Safety Journal,journal,62,null,289-298,10.1016/j.firesaf.2013.08.014,https://doi.org/10.1016/j.firesaf.2013.08.014,PEER_REVIEWED,UNVERIFIED,2026-09-19,6,BACKGROUND,,"Defines ELMFIRE, the level-set spread engine with an MPI Monte Carlo mode that makes 1000-member operational ensembles affordable; it is a modelling paper, and its ensemble is over input uncertainty, not over decisions."
lazic2018pseudoreplication,What exactly is 'N' in cell culture and animal experiments?,,2018,PLOS Biology,journal,16,4,e2005282,10.1371/journal.pbio.2005282,https://doi.org/10.1371/journal.pbio.2005282,PEER_REVIEWED,gold,2026-09-19,10,BACKGROUND,WG-C-006,Modern restatement of the unit-of-analysis error with a three-level unit taxonomy we can adopt verbatim.
linn2002firetec,Studying wildfire behavior using FIRETEC,Rodman Linn; Jon Reisner; Jonah J. Colman; Judith Winterkamp,2002,International Journal of Wildland Fire,journal,11,4,233-246,10.1071/wf02007,https://doi.org/10.1071/wf02007,PEER_REVIEWED,UNVERIFIED,2026-09-19,6,BACKGROUND,,The reference CFD-scale physical fire model; recorded so the review can state explicitly that WildfireGuardian does not and cannot use this class of model in decision time.
mandel2014wrfsfire,Recent advances and applications of WRF-SFIRE,J. Mandel; S. Amram; J. D. Beezley; G. Kelman; A. K. Kochanski; V. Y. Kondratenko; B. H. Lynn; B. Regev; M. Vejmelka,2014,Natural Hazards and Earth System Sciences,journal,14,10,2829-2845,10.5194/nhess-14-2829-2014,https://doi.org/10.5194/nhess-14-2829-2014,PEER_REVIEWED,OA,2026-09-19,6,BACKGROUND,,"The coupled atmosphere-fire model that makes fire-induced wind feedback available, and the one that assimilates satellite fire detections via fire-arrival-time; it is a physics/NWP contribution whose cost puts it outside decision-time ensemble use."
mandi2024dfl,"Decision-Focused Learning: Foundations, State of the Art, Benchmark and Future Opportunities",,2024,Journal of Artificial Intelligence Research,journal,80,-,1623-1701,10.1613/jair.1.15320,https://doi.org/10.1613/jair.1.15320,PEER_REVIEWED,gold,2026-09-19,10,BACKGROUND,WG-C-014,"Survey establishing that the prediction-metric vs decision-metric gap is a named, mature research area."
matsuo2025evacuation,Evacuation and Transportation Barriers Among Vulnerable Populations in Natural Hazard-Related Disasters: A Scoping Review,Yuriko Matsuo; Kathryn Kietzman; Ron D. Hays; Yeonsu Song,2025,International Journal of Environmental Research and Public Health,journal,22,11,1680,10.3390/ijerph22111680,https://doi.org/10.3390/ijerph22111680,PEER_REVIEWED,OA # GOLD,2026-09-19,9,BACKGROUND,,"The best available synthesis of the EVIDENCE BASE for who cannot self-evacuate; contains no model, no optimisation and no timing quantity. WildfireGuardian should cite it to justify the population definition, never as prior art on the method."
miller2015spark,SPARK - A Bushfire Spread Prediction Tool,Claire Miller; James Hilton; Andrew Sullivan; Mahesh Prakash,2015,IFIP Advances in Information and Communication Technology (Environmental Software Systems),conference,UNVERIFIED,null,262-271,10.1007/978-3-319-15994-2_26,https://doi.org/10.1007/978-3-319-15994-2_26,PEER_REVIEWED,UNVERIFIED,2026-09-19,6,BACKGROUND,,"GPU level-set spread tool (CSIRO) whose per-run cost is low enough for large ensembles; a simulator paper, with no decision quantity."
morris2019simulation,Using simulation studies to evaluate statistical methods,,2019,Statistics in Medicine,journal,38,11,2074-2102,10.1002/sim.8086,https://doi.org/10.1002/sim.8086,PEER_REVIEWED,gold,2026-09-19,10,BACKGROUND,WG-C-006; WG-C-010,Gives the reporting skeleton and the Monte Carlo standard error requirement our scenario counts must satisfy.
nasafirms2026latency,"FIRMS ultra real-time, real-time and near real-time active fire data latency (NASA LANCE/FIRMS documentation)",NASA LANCE FIRMS team,2022,NASA Earthdata FIRMS wiki / NASA Earthdata feature article,software_doc,null,null,null,UNVERIFIED,https://wiki.earthdata.nasa.gov/spaces/FIRMS/blog/2022/07/14/258343755/Wildfire+detection+in+the+US+and+Canada+within+a+minute+of+satellite+observation,SOFTWARE_DOC,open,2026-09-19,7,BACKGROUND,,"The operator's own latency figures - under 60 s (direct readout, US/Canada only), 20-30 min real-time, about 3 h near-real-time - which set the floor on how stale WildfireGuardian's fire-position input can be, and show that the fast tier does not exist over Korea."
oreskes1994verification,"Verification, Validation, and Confirmation of Numerical Models in the Earth Sciences",,1994,Science,journal,263,5147,641-646,10.1126/science.263.5147.641,https://doi.org/10.1126/science.263.5147.641,PEER_REVIEWED,closed,2026-09-19,10,BACKGROUND,WG-C-010,Philosophical constraint on what simulation evidence can establish; prohibits the word 'validated' for our OSSE.
ovadia2019shift,Can You Trust Your Model's Uncertainty? Evaluating Predictive Uncertainty Under Dataset Shift,,2019,arXiv (1906.02530); presented at NeurIPS 2019,preprint/conference,-,-,-,UNVERIFIED,https://arxiv.org/abs/1906.02530,PREPRINT,green,2026-09-19,10,BACKGROUND,WG-C-002; WG-C-010,"Empirical demonstration that calibration degrades under shift and that post-hoc temperature scaling does not survive it; image/text benchmarks, not fire."
paugam2026mtgfci,Leveraging MTG-FCI fire observations for event-based fire behavior monitoring from near-real-time operation to seasonal analysis,Ronan Paugam; Jean-Baptiste Filippi; Akli Benali; Jorge Gomes; Weidong Xu; Emanuel Dutra; Francois Andre; Damien Boulanger; Vianney Retornard; Andrea Meraner; Julia Harvie; Victor Penot; Cyrielle Denjean,2026,arXiv:2606.06016,preprint,null,null,null,UNVERIFIED,https://arxiv.org/abs/2606.06016,PREPRINT,OA,2026-09-19,7,BACKGROUND,,Shows geostationary observation cadence being converted into an operationally updated rate-of-spread estimate every 10 minutes - the observed-quantity-to-inferred-quantity step WildfireGuardian depends on; spatial resolution and product latency are not stated in the retrievable abstract.
prive2023robustness,Robustness of Observing System Simulation Experiments,,2023,Tellus A: Dynamic Meteorology and Oceanography,journal,75,1,309-333,10.16993/tellusa.3254,https://doi.org/10.16993/tellusa.3254,PEER_REVIEWED,gold,2026-09-19,10,BACKGROUND,WG-C-010,Shows OSSE impact magnitudes shift with the amount of injected model error while spatial patterns stay stable; supplies the 'degree of twinning must be well understood' standard.
ronchi2023verification,The verification of wildland-urban interface fire evacuation models,,2023,Natural Hazards,journal,117,2,1493-1519,10.1007/s11069-023-05913-2,https://doi.org/10.1007/s11069-023-05913-2,PEER_REVIEWED,gold,2026-09-19,10,BACKGROUND,WG-C-010; WG-C-004,"Domain-specific verification protocol for WUI evacuation models including trigger buffers; verification only, no real-event validation."
rothermel1972spread,A mathematical model for predicting fire spread in wildland fuels,Richard C. Rothermel,1972,"USDA Forest Service, Intermountain Forest and Range Experiment Station, Research Paper INT-RP-115",report,INT-RP-115,UNVERIFIED,40 p.,10.2737/INT-RP-115,https://research.fs.usda.gov/treesearch/32533,GOVERNMENT_REPORT,public_domain_us_government,2026-09-19,6,BACKGROUND,,"Rothermel supplies the steady-state surface rate-of-spread kernel that WildfireGuardian's forecasts inherit; it is a government research paper, not a peer-reviewed article, and it computes spread rate, not any decision quantity."
sargent2013verification,Verification and validation of simulation models,,2013,Journal of Simulation,journal,7,1,12-24,10.1057/jos.2012.20,https://doi.org/10.1057/jos.2012.20,PEER_REVIEWED,hybrid,2026-09-19,10,BACKGROUND,WG-C-010,The standard V&V taxonomy for discrete-event/simulation models; domain-neutral.
schroeder2014viirs,The New VIIRS 375 m active fire detection data product: Algorithm description and initial assessment,Wilfrid Schroeder; Patricia Oliva; Louis Giglio; Ivan A. Csiszar,2014,Remote Sensing of Environment,journal,143,null,85-96,10.1016/j.rse.2013.12.008,https://doi.org/10.1016/j.rse.2013.12.008,PEER_REVIEWED,UNVERIFIED,2026-09-19,7,BACKGROUND,,"Defines the 375 m polar-orbiting active-fire product that is the default fire-position observation for most of the world; it produces detection points, not fire perimeters or rates of spread, and its revisit is the binding constraint WG-C-012 inherits."
siepe2024preregistration,"Simulation studies for methodological research in psychology: A standardized template for planning, preregistration, and reporting",,2024,Psychological Methods,journal,UNVERIFIED,UNVERIFIED,UNVERIFIED,10.1037/met0000695,https://doi.org/10.1037/met0000695,PEER_REVIEWED,green,2026-09-19,10,BACKGROUND,WG-C-006; WG-C-010,Turns ADEMP into a preregistration template; the defence against accusations that the tuned baseline was chosen after seeing results.
tibshirani2019conformalshift,Conformal Prediction Under Covariate Shift,,2019,arXiv (1904.06019); presented at NeurIPS 2019,preprint/conference,-,-,-,UNVERIFIED,https://arxiv.org/abs/1904.06019,PREPRINT,green,2026-09-19,10,BACKGROUND,WG-C-002; WG-C-004,Gives the exact condition (known/estimable covariate-shift likelihood ratio) under which coverage survives; no hazard application.
weise2016chaparral,Fire spread in chaparral - a comparison of laboratory data and model predictions in burning live fuels,David R. Weise; Eunmo Koo; Xiangyang Zhou; Shankar Mahalingam; Frederic Morandini; Jacques-Henri Balbi,2016,International Journal of Wildland Fire,journal,25,9,980-994,10.1071/wf15177,https://doi.org/10.1071/wf15177,PEER_REVIEWED,UNVERIFIED,2026-09-19,6,BACKGROUND,,"Documents outright model failure rather than model error: with default values Rothermel failed to predict spread in nearly all 240 live-fuel chaparral fires, and the tested models were correct only 49-69% of the time."
williams2024reporting,Transparent reporting items for simulation studies evaluating statistical methods: Foundations for reproducibility and reliability,,2024,Methods in Ecology and Evolution,journal,15,11,1926-1939,10.1111/2041-210X.14415,https://doi.org/10.1111/2041-210X.14415,PEER_REVIEWED,gold,2026-09-19,10,BACKGROUND,WG-C-010,Checklist of reporting items; ecology/evolution framing but domain-neutral content.
wirgin2004inversecrime,The inverse crime,,2004,arXiv (math-ph/0401050),preprint,-,-,-,UNVERIFIED,https://arxiv.org/abs/math-ph/0401050,PREPRINT,green,2026-09-19,10,BACKGROUND,WG-C-010,"Short polemic giving the crisp definition we will quote; a preprint, never cite as a journal article."
yu2019twin,Evaluation of nonidentical versus identical twin approaches for observation impact assessments: an ensemble-Kalman-filter-based ocean assimilation application for the Gulf of Mexico,,2019,Ocean Science,journal,15,6,1801-1814,10.5194/os-15-1801-2019,https://doi.org/10.5194/os-15-1801-2019,PEER_REVIEWED,gold,2026-09-19,10,BACKGROUND,WG-C-010; WG-C-008,"The citable quantitative demonstration that identical twins overestimate observation impact (45% vs 29% temperature-error reduction); ocean DA, not wildfire decisions."
zehra2024systematic,"Systematic review and research gaps on wildfire evacuations: infrastructure, transportation modes, networks, and planning",Syeda Narmeen Zehra; Stephen D. Wong,2024,Transportation Planning and Technology,journal,47,8,1364-1398,10.1080/03081060.2024.2348713,https://doi.org/10.1080/03081060.2024.2348713,PEER_REVIEWED,UNKNOWN,2026-09-19,2; 9,BACKGROUND,,"Review, not primary work. Its declared research gaps must be read in full before WildfireGuardian asserts any gap of its own, because a review that already names our gap converts our contribution from ""unnoticed"" to ""known and open""."
zeng2020osse,Use of Observing System Simulation Experiments in the United States,,2020,Bulletin of the American Meteorological Society,journal,101,8,E1427-E1438,10.1175/BAMS-D-19-0155.1,https://doi.org/10.1175/BAMS-D-19-0155.1,PEER_REVIEWED,gold,2026-09-19,10,BACKGROUND,WG-C-010; WG-C-008,A NOAA SAB-derived review that lists 'extension of OSSEs to societal impacts' as an outstanding recommendation - i.e. the decision-level OSSE was an open item as of 2020.
zhang2023karst,Examining and Reforming the Rothermel Surface Fire Spread Model under No-Wind and Zero-Slope Conditions for the Karst Ecosystems,Yunlin Zhang; Lingling Tian,2023,Forests,journal,14,6,1088,10.3390/f14061088,https://doi.org/10.3390/f14061088,PEER_REVIEWED,OA,2026-09-19,6,BACKGROUND,,One of a family of East-Asian laboratory recalibration studies showing Rothermel relative error up to 50% on non-US fuels; it is the transfer-failure evidence WildfireGuardian needs to justify not assuming US-calibrated spread rates in Korea.
an2008slope,Spread Speed of Forest Fire based on Slope,"An, Sang-Hyun (안상현); Shin, Young-Chul (신영철)",2008,Journal of the Korean Society of Hazard Mitigation / 한국방재학회논문집,journal,8,4,75-79,UNVERIFIED,https://scienceon.kisti.re.kr/srch/selectPORSrchArticle.do?cn=JAKO200833338361788,PEER_REVIEWED,UNVERIFIED,2026-09-19,8,NONE,,Korean experimental slope/rate-of-spread data (upslope ~4.68x downslope at 30 degrees). Not an evacuation work; it is a candidate input for a NOVELTY_STANDARD §4(a) argument that Korean slope distributions compress evacuation lead times.
choi2025gee,Forest Fire Risk Prediction in South Korea Using Google Earth Engine: Comparison of Machine Learning Models,"Choi, Jukyeong; Yun, Young-Jo; Chae, Heemun",2025,Land,journal,14,6,1155,10.3390/land14061155,https://doi.org/10.3390/land14061155,PEER_REVIEWED,gold_OA_CC-BY,2026-09-19,8,NONE,,"Nationwide Korean ignition-risk mapping from twelve Earth-Engine covariates; occurrence risk only, no spread, no evacuation, no timing."
kang2020hfri,Developing a New Hourly Forest Fire Risk Index Based on Catboost in South Korea,"Kang, Yoojin; Jang, Eunna; Im, Jungho; Kwon, Chungeun; Kim, Sungyong",2020,Applied Sciences,journal,10,22,8213,10.3390/app10228213,https://doi.org/10.3390/app10228213,PEER_REVIEWED,gold_OA_CC-BY,2026-09-19,8,NONE,,"Hourly 1 km ignition-risk index for Korea benchmarked against the operational DWI and a modified FFMC; an occurrence-risk product, with no spread, no evacuation and no timing."
kfs2025majorfires,Major wildfires in Korea [translation],Korea Forest Service (산림청),2025,"Korea Forest Service official website, 산림재난 > 산불 > 산불정보 (cmsId=FC_001157)",government_web_statistics,UNVERIFIED,UNVERIFIED,UNVERIFIED,UNVERIFIED,https://center.forest.go.kr/kfsweb/kfi/kfs/cms/cmsView.do?cmsId=FC_001157&mn=AR04_01_04_04,GOVERNMENT_REPORT,publicly_accessible_web_page,2026-09-19,8,NONE,,"Source of record for Korean major-fire burned area and duration. Not a research work; cite only for event statistics, never as evidence about evacuation methods."
kfs2026statistics,Forest Fire Statistics Yearbook (2025) [translation],Korea Forest Service (산림청),2026,"Korea Forest Service, Daejeon (대전); annual statistical series",government_statistical_yearbook,2025 volume,UNVERIFIED,255 p.,UNVERIFIED,https://book.nifos.go.kr/library/10130/contents/7732481,GOVERNMENT_REPORT,library_holding_fulltext_unverified,2026-09-19,8,NONE,,Official annual wildfire statistics; the data source behind e-나라지표 indicator 1309. Not peer-reviewed and not a modelling work.
lee2021crownfuel,The Analysis of Forest Fire Fuel Structure Through the Development of Crown Fuel Vertical Distribution Model: A Case Study on Managed and Unmanaged Stands of Pinus densiflora in the Gyeongbuk Province,"Lee, Sun Joo (이선주); Kwon, Chun Geun (권춘근); Kim, Sungyong (김성용)",2021,Korean Journal of Agricultural and Forest Meteorology / 한국농림기상학회지,journal,23,1,46-54,UNVERIFIED,https://www.kci.go.kr/kciportal/ci/sereArticleSearch/ciSereArtiView.kci?sereArticleSearchBean.artiId=ART002703652,PEER_REVIEWED,UNVERIFIED,2026-09-19,8,NONE,,"Measured Pinus densiflora crown fuel vertical distribution and canopy bulk density (~1.6x higher in unmanaged stands) in Gyeongbuk — Korean fuel-structure evidence usable as a crown-fire input, with no evacuation content of its own."
lee2026occurrence,Spatial Prediction of Forest Fire Occurrence Integrating Human Proximity: A Machine Learning Approach for Korea's Eastern Coast,"Lee, Jeman; Ahn, Sujung; Im, Sangjun",2026,Forests,journal,17,2,281,10.3390/f17020281,https://doi.org/10.3390/f17020281,PEER_REVIEWED,gold_OA_CC-BY,2026-09-19,8,NONE,,"Random-forest ignition-probability layer (30 m) intended to sit alongside the operational KFDRI for patrol prioritisation on Korea's east coast; it predicts WHERE a fire starts, never when anyone should move."
lim2022fueldanger,Predicting Forest Fire Danger Using Fuel Characteristics of Forest,"Lim, Chan Jin; Chae, Heemun",2022,Journal of the Korean Society of Hazard Mitigation / 한국방재학회논문집,journal,22,6,125-132,10.9798/KOSHAM.2022.22.6.125,https://www.j-kosham.or.kr/journal/view.php?number=10401,PEER_REVIEWED,OA,2026-09-19,8,NONE,,"Field-measured surface and crown fuel loads at 12 Gangwon sites converted to fire intensity (kW/m) and a four-class danger rating via Van Wagner's crown-fire criterion — Korean fuel evidence, no evacuation decision."
lim2025fwi,Application of the Canadian Fire Weather Index for Forest Fire Danger Assessment in South Korea,"Lim, Chan Jin; Chae, Hee Mun",2025,Forests,journal,16,7,1058,10.3390/f16071058,https://doi.org/10.3390/f16071058,PEER_REVIEWED,gold_OA_CC-BY,2026-09-19,8,NONE,,Transfers the Canadian FWI to Korea over 2004-2023 and reports it tracks Korean large-fire frequency when regionally calibrated; a danger-climatology result with no decision output.
murphy1977costloss,"The Value of Climatological, Categorical and Probabilistic Forecasts in the Cost-Loss Ratio Situation",Murphy; Allan H.,1977,Monthly Weather Review,journal,105,7,803-816,10.1175/1520-0493(1977)105<0803:TVOCCA>2.0.CO;2,https://journals.ametsoc.org/view/journals/mwre/105/7/1520-0493_1977_105_0803_tvocca_2_0_co_2.xml,PEER_REVIEWED,UNVERIFIED,2026-09-19,4,HIGH (framework ownership),WG-C-002; WG-C-006,"Murphy owns the cost-loss decision-analytic framework and the relative-value measure for a generic two-action/two-event protective decision; he does not model a spatial hazard, an evacuation mission, or a positional trigger comparator."
murphy1994assessing,"Assessing the economic value of weather forecasts: an overview of methods, results and issues",Murphy; Allan H.,1994,Meteorological Applications,journal,1,1,69-73,10.1002/j.1469-8080.1994.tb00007.x,https://doi.org/10.1002/j.1469-8080.1994.tb00007.x,PEER_REVIEWED,UNVERIFIED,2026-09-19,4,MODERATE (review/ownership),WG-C-002; WG-C-006,A survey of forecast-value methodology; establishes that the whole apparatus WildfireGuardian would use for RQ1 was already mature in 1994.
palmer1998singular,"Singular Vectors, Metrics, and Adaptive Observations","Palmer, T. N.; Gelaro, R.; Barkmeijer, J.; Buizza, R.",1998,Journal of the Atmospheric Sciences,journal,55,4,633-653,10.1175/1520-0469(1998)055<0633:SVMAAO>2.0.CO;2,https://doi.org/10.1175/1520-0469(1998)055<0633:SVMAAO>2.0.CO;2,PEER_REVIEWED,UNVERIFIED,2026-09-19,5,HIGH (framework ownership),WG-C-008,"Founds targeted/adaptive observation: where to observe is chosen by sensitivity of a forecast metric, and the correct metric depends on the PURPOSE of the observations; the purpose is forecast-error reduction, not a downstream protective-action decision, and the domain is synoptic meteorology."
park2025drivers,"Climatic and Forest Drivers of Wildfires in South Korea (1980-2024): Trends, Predictions, and the Role of the Wildland-Urban Interface","Park, Jin-chan; Suh, Ji-Hoon; Baek, Minho",2025,Forests,journal,16,9,1476,10.3390/f16091476,https://doi.org/10.3390/f16091476,PEER_REVIEWED,gold_OA_CC-BY,2026-09-19,8,NONE,,"Regression/ML attribution over 905 Korean fires: each +1 m/s peak wind expands burned area by ~8.5 ha and each +1% RH reduces it by ~3 ha, with conifer dominance amplifying spread. Korean-specific evidence for why peak gusts, not mean wind, govern Korean lead times — an input to a §4(a) argument, not an evacuation study."
rainforth2024modernbed,Modern Bayesian Experimental Design,"Rainforth, Tom; Foster, Adam; Ivanova, Desi R.; Bickford Smith, Freddie",2024,Statistical Science,journal,39,1,100-114 (page range from secondary source; Crossref page field empty),10.1214/23-STS915,https://doi.org/10.1214/23-STS915,PEER_REVIEWED,UNVERIFIED,2026-09-19,5,HIGH (field ownership),WG-C-008,Canonical modern review of Bayesian experimental design / expected information gain; confirms the machinery WG-C-008 would use is mature and not ours to claim as a method.
richardson2000relative,Skill and relative economic value of the ECMWF ensemble prediction system,Richardson; D. S.,2000,Quarterly Journal of the Royal Meteorological Society,journal,126,563,649-667,10.1002/qj.49712656313,https://doi.org/10.1002/qj.49712656313,PEER_REVIEWED,UNVERIFIED,2026-09-19,4,HIGH (framework ownership),WG-C-002; WG-C-004,"Owns the relative-economic-value (REV) curve as a function of cost-loss ratio and lead time for ensemble forecasts; the 'region of the C/L axis where the forecast has value' IS a forecast-value boundary, but in weather- variable space, with climatology as the reference, not a tuned spatial trigger buffer."
veiga2023activesensing,From Reactive to Active Sensing: A Survey on Information Gathering in Decision-theoretic Planning,"Veiga, Tiago; Renoux, Jennifer",2023,ACM Computing Surveys,journal,55,13s,1-22,10.1145/3583068,https://doi.org/10.1145/3583068,PEER_REVIEWED,UNVERIFIED,2026-09-19,5,HIGH (field ownership),WG-C-008,Survey establishing active information gathering in decision-theoretic planning as a mature field with its own taxonomy; nothing wildfire-specific and no deadline-constrained protective-action instantiation.
